-- phpMyAdmin SQL Dump
-- version 4.9.5
-- https://www.phpmyadmin.net/
--
-- Servidor: 127.0.0.1:3306
-- Tiempo de generación: 15-10-2021 a las 21:42:48
-- Versión del servidor: 10.5.12-MariaDB-cll-lve
-- Versión de PHP: 7.2.34

SET SQL_MODE = "NO_AUTO_VALUE_ON_ZERO";
SET AUTOCOMMIT = 0;
START TRANSACTION;
SET time_zone = "+00:00";


/*!40101 SET @OLD_CHARACTER_SET_CLIENT=@@CHARACTER_SET_CLIENT */;
/*!40101 SET @OLD_CHARACTER_SET_RESULTS=@@CHARACTER_SET_RESULTS */;
/*!40101 SET @OLD_COLLATION_CONNECTION=@@COLLATION_CONNECTION */;
/*!40101 SET NAMES utf8mb4 */;

--
-- Base de datos: `u476527040_digitalbell`
--

-- --------------------------------------------------------

--
-- Estructura de tabla para la tabla `comment`
--

CREATE TABLE `comment` (
  `idcomment` bigint(20) NOT NULL,
  `person_id` bigint(20) NOT NULL,
  `post_id` bigint(20) NOT NULL,
  `comment` text COLLATE utf8mb4_swedish_ci NOT NULL,
  `datecreated` datetime NOT NULL DEFAULT current_timestamp()
) ENGINE=InnoDB DEFAULT CHARSET=utf8mb4 COLLATE=utf8mb4_swedish_ci;

-- --------------------------------------------------------

--
-- Estructura de tabla para la tabla `contact`
--

CREATE TABLE `contact` (
  `idcontact` bigint(20) NOT NULL,
  `name` varchar(200) COLLATE utf8_swedish_ci NOT NULL,
  `email` varchar(200) COLLATE utf8_swedish_ci NOT NULL,
  `message` text COLLATE utf8_swedish_ci NOT NULL,
  `ip` varchar(15) COLLATE utf8_swedish_ci NOT NULL,
  `device` varchar(25) COLLATE utf8_swedish_ci NOT NULL,
  `useragent` text COLLATE utf8_swedish_ci NOT NULL,
  `datecreated` datetime NOT NULL DEFAULT current_timestamp()
) ENGINE=InnoDB DEFAULT CHARSET=utf8 COLLATE=utf8_swedish_ci;

--
-- Volcado de datos para la tabla `contact`
--

INSERT INTO `contact` (`idcontact`, `name`, `email`, `message`, `ip`, `device`, `useragent`, `datecreated`) VALUES
(1, 'John Doe', 'kiritogr@gmail.com', 'Me la pela :v', '186.155.12.34', 'Móvil', 'Mozilla/5.0 (Linux; Android 10; Redmi Note 8) AppleWebKit/537.36 (KHTML, like Gecko) Chrome/93.0.4577.82 Mobile Safari/537.36', '2021-09-15 02:09:38');

-- --------------------------------------------------------

--
-- Estructura de tabla para la tabla `module`
--

CREATE TABLE `module` (
  `idmodule` bigint(20) NOT NULL,
  `title` varchar(50) COLLATE utf8_swedish_ci NOT NULL,
  `descritpion` text COLLATE utf8_swedish_ci NOT NULL,
  `status` int(11) NOT NULL DEFAULT 1
) ENGINE=InnoDB DEFAULT CHARSET=utf8 COLLATE=utf8_swedish_ci;

--
-- Volcado de datos para la tabla `module`
--

INSERT INTO `module` (`idmodule`, `title`, `descritpion`, `status`) VALUES
(1, 'Dashboard', 'Dashboard', 1),
(2, 'Usuarios', 'Usuarios del sistema', 1),
(3, 'Roles', 'Roles de usuario', 1),
(4, 'Publicaciones', 'Acceso a las publicaciones', 1),
(5, 'Comentarios', 'Comentar publicaciones', 1),
(6, 'Categorias', 'Acceso a categorías', 1),
(7, 'Suscripciones', 'Acceso a las suscripciones', 1),
(8, 'Mensajes', 'Acceso a los mensajes de contactos', 1);

-- --------------------------------------------------------

--
-- Estructura de tabla para la tabla `permits`
--

CREATE TABLE `permits` (
  `idpermit` bigint(20) NOT NULL,
  `rolid` bigint(20) NOT NULL,
  `moduleid` bigint(20) NOT NULL,
  `r` int(11) NOT NULL DEFAULT 0,
  `w` int(11) NOT NULL DEFAULT 0,
  `u` int(11) NOT NULL DEFAULT 0,
  `d` int(11) NOT NULL DEFAULT 0
) ENGINE=InnoDB DEFAULT CHARSET=utf8 COLLATE=utf8_swedish_ci;

--
-- Volcado de datos para la tabla `permits`
--

INSERT INTO `permits` (`idpermit`, `rolid`, `moduleid`, `r`, `w`, `u`, `d`) VALUES
(78, 3, 1, 0, 0, 0, 0),
(79, 3, 2, 0, 0, 0, 0),
(80, 3, 3, 0, 0, 0, 0),
(81, 3, 4, 0, 0, 0, 0),
(82, 3, 5, 1, 1, 1, 0),
(83, 3, 6, 0, 0, 0, 0),
(205, 1, 1, 1, 1, 1, 1),
(206, 1, 2, 1, 1, 1, 1),
(207, 1, 3, 1, 1, 1, 1),
(208, 1, 4, 1, 1, 1, 1),
(209, 1, 5, 1, 1, 1, 1),
(210, 1, 6, 1, 1, 1, 1),
(211, 1, 7, 1, 1, 1, 1),
(212, 1, 8, 1, 1, 1, 1),
(229, 2, 1, 1, 1, 1, 0),
(230, 2, 2, 1, 0, 0, 0),
(231, 2, 3, 0, 0, 0, 0),
(232, 2, 4, 1, 1, 1, 1),
(233, 2, 5, 1, 1, 1, 0),
(234, 2, 6, 1, 0, 0, 0),
(235, 2, 7, 0, 0, 0, 0),
(236, 2, 8, 0, 0, 0, 0);

-- --------------------------------------------------------

--
-- Estructura de tabla para la tabla `persona`
--

CREATE TABLE `persona` (
  `id_person` bigint(20) NOT NULL,
  `first_name` varchar(80) COLLATE utf8_swedish_ci NOT NULL,
  `last_name` varchar(100) COLLATE utf8_swedish_ci NOT NULL,
  `phone` bigint(20) NOT NULL,
  `email` varchar(100) COLLATE utf8_swedish_ci NOT NULL,
  `password` varchar(75) COLLATE utf8_swedish_ci NOT NULL,
  `token` varchar(100) COLLATE utf8_swedish_ci NOT NULL,
  `rolid` bigint(20) NOT NULL,
  `datecreated` datetime NOT NULL DEFAULT current_timestamp(),
  `status` int(11) NOT NULL DEFAULT 1
) ENGINE=InnoDB DEFAULT CHARSET=utf8 COLLATE=utf8_swedish_ci;

--
-- Volcado de datos para la tabla `persona`
--

INSERT INTO `persona` (`id_person`, `first_name`, `last_name`, `phone`, `email`, `password`, `token`, `rolid`, `datecreated`, `status`) VALUES
(1, 'Digital', 'Bell', 3193094264, 'davidparrado@digitalbell.com.co', '47fed0b8d3634e8f4667d18e87e498f5b9efa033f4b893f7fa94e2f66b79cf90', '', 1, '2021-08-10 10:19:52', 1),
(2, 'Yurany', 'Gómez', 3195226886, 'yucent22@gmail.com', '15e2b0d3c33891ebb0f1ef609ec419420c20e320ce94c65fbc8c3312448eb225', '', 2, '2021-08-18 17:01:24', 1),
(3, 'Retroxes', '', 0, 'diego1122@gmail.com', '83685921ba6a11a39b49d13b0ffd2a7cd7f2ace3a688f7a1bee7d6cbfdc527c2', '', 3, '2021-09-13 03:05:39', 1),
(4, 'David', 'Parrado', 3108714741, 'davidstiven1999@hotmail.com', '85ddf3b39301001428a6e10d8c67ca00f9affbe50faf9cf4d680a53bbcf0838c', '', 2, '2021-09-14 17:04:08', 1),
(5, 'Jakegr13', 'Gr', 1222334555, 'kiritogr@gmail.com', 'ed26fd8e5456b82003eee3f0ac3b5a5d59562a95b265934e42e57ea345430b64', '', 3, '2021-09-15 01:52:13', 1),
(6, 'Jhormanbr', '', 0, 'jhormanbr@gmail.com', '4fd1b411b2761a357f5ff06ad2f9431877d49302b51f4f8d7b187f4c0054aed1', '', 3, '2021-09-15 02:01:40', 1);

-- --------------------------------------------------------

--
-- Estructura de tabla para la tabla `post`
--

CREATE TABLE `post` (
  `idpost` bigint(20) NOT NULL,
  `person_id` bigint(20) NOT NULL,
  `topics_id` bigint(100) NOT NULL,
  `title` varchar(255) COLLATE utf8_swedish_ci NOT NULL,
  `description` text COLLATE utf8_swedish_ci NOT NULL,
  `image` varchar(100) COLLATE utf8_swedish_ci NOT NULL,
  `datecreated` datetime NOT NULL DEFAULT current_timestamp(),
  `route` varchar(255) COLLATE utf8_swedish_ci NOT NULL,
  `status` int(11) NOT NULL DEFAULT 1
) ENGINE=InnoDB DEFAULT CHARSET=utf8 COLLATE=utf8_swedish_ci;

--
-- Volcado de datos para la tabla `post`
--

INSERT INTO `post` (`idpost`, `person_id`, `topics_id`, `title`, `description`, `image`, `datecreated`, `route`, `status`) VALUES
(1, 1, 2, 'Plantilla: Tipo lista', '<h1>Crea un t&iacute;tulo (Lo escribes en la casilla de t&iacute;tulo.)</h1> <p>Los art&iacute;culos de tipo lista son ideales para informaci&oacute;n no cronol&oacute;gica. En otras palabras, cualquier cosa que no necesite estar en un orden espec&iacute;fico.</p> <p>Podr&iacute;as reordenar cualquiera de los &iacute;tems de la lista y el art&iacute;culo seguir&iacute;a teniendo sentido. Si no es el caso, entonces no es la mejor plantilla para&nbsp;usar.</p> <p>Usa alguna de las siguientes plantillas para los t&iacute;tulos y llena los espacios a completar.</p> <ul> <li><span class=\"caps\">XX</span>&nbsp;formas de resultado deseado</li> <li><span class=\"caps\">XX</span>&nbsp;consejos sobre tema</li> <li><span class=\"caps\">XX</span>&nbsp;herramientas para tema</li> <li><span class=\"caps\">XX</span>&nbsp;razones por las que problema</li> <li><span class=\"caps\">XX</span>&nbsp;t&eacute;cnicas para tema</li> <li><span class=\"caps\">XX</span>&nbsp;productos para audiencia</li> </ul> <p>Por ejemplo \"Las 10 herramientas para limpiar tu PC\", \"Las 5 mejores formas para cocinar huevos\", etc.</p> <h2>Introducci&oacute;n corta</h2> <p>La mayor&iacute;a de la gente escanea o lee por encima los art&iacute;culos de tipo lista. Es la belleza del formato; es no cronol&oacute;gica. Si uno de los tips no atrae, el lector puede seguir navegando hasta que vea uno que llame su atenci&oacute;n</p> <p>Ejemplo: \"La cantidad de herramientas que existen para limpiar tu computador son bastantes pero aqu&iacute; te contar&eacute; las 10 herramientas m&aacute;s populares que dejan tu computador como nuevo\".</p> <h2>S&uacute;btitulos para los &iacute;tems de la lista</h2> <p>Cada &iacute;tem de la lista necesita un subt&iacute;tulo. Utiliza los subt&iacute;tulos de nivel h2 <strong>(ver la pesta&ntilde;a Format, formats y headings)</strong> para cada uno.</p> <p>Usualmente estar&aacute;n numerados, pero no siempre es el caso.</p> <p>Solo aseg&uacute;rate de que los subt&iacute;tulos son descriptivos y enfocados en mostrar el beneficio de ser posible. Esto har&aacute; que los lectores est&eacute;n interesados en leer cada punto. Por ejemplo, en una lista de consejos para perder peso, &ldquo;<strong>5. Come comida picante para potenciar las habilidades de quemar calor&iacute;as de tu cuerpo</strong>&rdquo; probablemente es mucho mejor que el simple &ldquo;<strong>5. Come comida picante</strong>&rdquo;.</p> <p>Si no est&aacute;s seguro de qu&eacute; puntos incluir en tu lista, escanea los subt&iacute;tulos de otros art&iacute;culos que posicionen bien tu b&uacute;squeda objetivo.</p> <h2>Concluir con un tip, recomendaci&oacute;n o consejo final.</h2> <p>Todo art&iacute;culo merece una conclusi&oacute;n. Existen muchas maneras de hacer esto, pero un enfoque que funciona bien para art&iacute;culos de tipo lista consiste en dar uno o dos consejos finales.</p> <h2>Por &uacute;ltimo, la portada.</h2> <p>En la parte de abajo encontrar&aacute; la forma de subir una im&aacute;gen en la que ilustra el tema a hablar. Solo debes darle click, buscar en tu pc que im&aacute;gen subir y listo!</p> <p>En caso de que no sea la im&aacute;gen que deseabas subir, puedes darle al bot&oacute;n rojo marcado con X y volver hacer lo mencionado anteriormente.</p>', 'img_91da153ec523127c7f8534cd1d1245f1.jpg', '2021-08-20 16:44:46', 'plantilla-tipo-lista', 2),
(2, 1, 1, 'Plantilla: Tipo guía', '<h1>Crear un t&iacute;tulo \"C&oacute;mo hacer\" (Lo escribes en la casilla de t&iacute;tulo.)</h1> <p>Cada gu&iacute;a paso a paso tiene en l&iacute;neas generales el mismo formato de t&iacute;tulo: C&oacute;mo hacer resultado deseado.</p> <p>De todas maneras, no tiene por qu&eacute; ser tan aburrido. Existen variaciones.</p> <p>Aqu&iacute; hay solo algunas:</p> <ul> <li>C&oacute;mo Conseguir resultado deseado (en&nbsp;<span class=\"caps\">XX</span>&nbsp;pasos)</li> <li>C&oacute;mo Conseguir resultado deseado (Incluso si Problema Com&uacute;n)</li> <li>C&oacute;mo Conseguir resultado deseado (Beneficio Adicional)</li> </ul> <h2>Escribir una breve historia introductoria que genere confianza</h2> <p>Si est&aacute;s ense&ntilde;ando c&oacute;mo hacer algo, la gente querr&aacute; saber por qu&eacute; deber&iacute;a confiar en ti. Hay muchas maneras de hacer esto, pero una que se usa habitualmente es la f&oacute;rmula&nbsp;<span class=\"caps\">PSP (Problema, Soluci&oacute;n y Prueba)</span>.</p> <ol> <li>Problema: Muestra que entiendes el problema.</li> <li>Soluci&oacute;n: Presenta brevemente la soluci&oacute;n.</li> <li>Prueba: Demuestra tu experiencia y &eacute;xito resolviendo el problema.</li> </ol> <h2>Usar pasos numerados para los subt&iacute;tulos</h2> <p>Utiliza H2s para estructurar el proceso en varios pasos. Luego explica cada paso del proceso en m&aacute;s detalle debajo de cada subt&iacute;tulo.</p> <p>por ejemplo:</p> <ul> <li>Paso 1: Encontrar keywords aceptables, pero no excepcionales</li> <li>Paso 2: Encontrar una keyword principal para posicionar</li> <li>Paso 3: Detectar por qu&eacute; no est&aacute;s posicionando</li> <li>Paso 4: Atacar los puntos clave de las otras p&aacute;ginas</li> <li>Paso 5: Perfecciona y repite el proceso para otras keywords</li> </ul> <h2>Finaliza con un breve resumen.</h2> <p>No sobreanalices esto. Simplemente resume el proceso que ense&ntilde;aste en el art&iacute;culo.</p> <h2>Por &uacute;ltimo, la portada.</h2> <p>En la parte de abajo encontrar&aacute; la forma de subir una im&aacute;gen en la que ilustra el tema a hablar. Solo debes darle click, buscar en tu pc que im&aacute;gen subir y listo!</p> <p>En caso de que no sea la im&aacute;gen que deseabas subir, puedes darle al bot&oacute;n rojo marcado con X y volver hacer lo mencionado anteriormente.</p>', 'img_a72178121ea12b1075bb24bcbceb2a66.jpg', '2021-08-28 22:32:54', 'plantilla-tipo-guia', 2),
(3, 1, 1, 'Plantilla: Definición expandida', '<h1>Crear un t&iacute;tulo con \"Qu&eacute; es o qu&eacute; son\" (Lo escribes en la casilla de t&iacute;tulo.)</h1> <p>Una definici&oacute;n expandida explica el significado de una cosa o concepto, antes de entrar en detalles m&aacute;s profundos sobre el mismo.&nbsp;</p> <p>Si los lectores van a encontrar dif&iacute;cil seguir el hilo de tu art&iacute;culo sin primero entender una cosa o concepto, entonces probablemente este sea el mejor formato.</p> <p>Utiliza el formato &ldquo;qu&eacute; es&rdquo; o &ldquo;qu&eacute; son&rdquo; en tu t&iacute;tulo</p> <p>Si&eacute;ntete libre de agregar contexto utilizando alguno de los siguientes formatos:</p> <ul> <li>Qu&eacute; es Concepto? Todo lo que necesitas saber</li> <li>Qu&eacute; es Sigla? Sigla expandida explicada</li> <li>Qu&eacute; es Concepto? Una Breve/R&aacute;pida/Detallada introducci&oacute;n</li> </ul> <h2>Define el t&eacute;rmino en la introducci&oacute;n</h2> <p>No comiences y&eacute;ndote por las ramas. Comienza con la definici&oacute;n.</p> <p>De ser posible, intenta incluir las palabras que Google muestra en negrita en el fragmento destacado de b&uacute;squeda para &ldquo;qu&eacute; es concepto&rdquo;.</p> <h2>Responde preguntas secundarias</h2> <p>Las definiciones ya no son de unas pocas oraciones. Para el resto del art&iacute;culo, deber&aacute;s responder las preguntas secundarias que los lectores se podr&iacute;an estar haciendo luego de aprender la definici&oacute;n.</p> <p>Puedes encontrar algunas de ellas en la caja de &ldquo;B&uacute;squedas relacionadas&rdquo; de Google.</p> <p><strong>Utilizar los subtitulos h2.</strong></p> <h2>Finaliza con un breve resumen.</h2> <p>No hay necesidad de sobreanalizar esto. Simplemente resume los aprendizajes clave del art&iacute;culo, enlaza a otras fuentes del mismo tema, y has terminado</p> <h2>Por &uacute;ltimo, la portada.</h2> <p>En la parte de abajo encontrar&aacute; la forma de subir una im&aacute;gen en la que ilustra el tema a hablar. Solo debes darle click, buscar en tu pc que im&aacute;gen subir y listo!</p> <p>En caso de que no sea la im&aacute;gen que deseabas subir, puedes darle al bot&oacute;n rojo marcado con X y volver hacer lo mencionado anteriormente.</p>', 'upload.png', '2021-09-06 17:49:53', 'plantilla-definicion-expandida', 2),
(4, 1, 1, 'Plantilla: La guía para principiantes', '<h1>Crear un t&iacute;tulo amigable para principiantes (Lo escribes en la casilla de t&iacute;tulo.)</h1> <p>La forma m&aacute;s sencilla de hacer esto es utilizar las palabras &ldquo;para principiante&rdquo; o similar en el t&iacute;tulo.</p> <ul> <li>Tema para principiantes</li> <li>La gu&iacute;a para principiantes para/de <strong>Categor&iacute;a</strong></li> </ul> <p>Ejemplo: La gu&iacute;a para principiantes de motocicletas</p> <h2>Escribe una introducci&oacute;n simple y que d&eacute; coraje</h2> <p>La gente que busca gu&iacute;as para principiantes es justamente eso: principiante. Entonces, si bien no existe una f&oacute;rmula perfecta, necesitas asegurarte de cuatro cosas:</p> <ol> <li><strong>Refuerza por qu&eacute; deben saber esto</strong>. La mayor&iacute;a de las gu&iacute;as para principiantes son largas. A menos que puedas convencer a la gente de por qu&eacute; deben pasar tiempo aprendiendo lo que tienes para ense&ntilde;arles, no lo&nbsp;har&aacute;n.</li> <li><strong>Usa lenguaje simple</strong>. Hazles saber que tu art&iacute;culo no est&aacute; lleno de jerga de industria y lenguaje complejo.</li> <li><strong>Dales coraje</strong>. Explica que el tema no es tan complejo como parece. Hazlos sentir que pueden entenderlo.</li> <li><strong>Diles qu&eacute; van a aprender</strong>. Una buena tabla de contenidos har&aacute; el&nbsp;truco.</li> </ol> <h2>Pasa por todo lo que necesita saber</h2> <p>Piensa sobre las preguntas que un principiante podr&iacute;a tener sobre el tema, y resp&oacute;ndelas. Utiliza sub subt&iacute;tulos&nbsp;<span class=\"caps\">H2</span> para cada pregunta.</p> <p>Para preguntas que requieren respuestas largas o m&uacute;ltiples pasos, utiliza encabezados&nbsp;<span class=\"caps\">H3-H6</span>&nbsp;dentro de cada&nbsp;<span class=\"caps\">H2</span>&nbsp;para proveer jerarqu&iacute;a y hacer el contenido m&aacute;s simple de digerir.</p> <p>Si no est&aacute;s seguro de cu&aacute;les preguntas un principiante podr&iacute;a estarse realizando, mira en la caja de B&uacute;squedas Relacionadas o encuentra preguntas populares utilizando el&nbsp;<a href=\"https://ahrefs.com/keyword-generator\">Keyword Generator gratis de Ahrefs</a>.</p> <h2>Concluye dando coraje y fuentes adicionales.</h2> <p>Hay una gran cantidad de formas de terminar una gu&iacute;a para principiantes. Se puede terminar con un poco de coraje final y links para continuar leyendo.</p> <h2>Por &uacute;ltimo, la portada.</h2> <p>En la parte de abajo encontrar&aacute; la forma de subir una im&aacute;gen en la que ilustra el tema a hablar. Solo debes darle click, buscar en tu pc que im&aacute;gen subir y listo!</p> <p>En caso de que no sea la im&aacute;gen que deseabas subir, puedes darle al bot&oacute;n rojo marcado con X y volver hacer lo mencionado anteriormente.</p>', 'upload.png', '2021-09-06 17:51:10', 'plantilla-la-guia-para-principiantes', 2),
(5, 4, 2, 'Top 10 mejores celulares de gama baja', '<p>Al d&iacute;a de hoy, es indispensable tener un smartphone a la mano ya que a trav&eacute;s de esta herramienta podemos realizar nuestras tareas m&aacute;s b&aacute;sicas como son: navegar, enviar mensajes de texto, realizar llamadas y otras funciones que traen los tel&eacute;fonos inteligetes. Pero este dispositivo no tiene por qu&eacute; ser el m&aacute;s costoso para cumplir con tus expectativas, es por ello que en esta lista te traigo <strong>los mejores celulares</strong> accequibles para ti.</p> <p>Dispositivos m&oacute;viles en el top:</p> <ul> <li><a href=\"publicaciones/articulo/7/xiaomi-redmi-9a-caracteristicas-ficha-tecnica-y-precio\" target=\"_blank\" rel=\"noopener\"><strong>Xiaomi Redmi 9A</strong></a></li> <li><a href=\"Publicaciones/articulo/8/motorola-moto-e7-caracteristicas-ficha-tecnica-y-precio\" target=\"_blank\" rel=\"noopener\"><strong>Moto E7</strong></a></li> <li><a href=\"Publicaciones/articulo/11/samsung-galaxy-a02-caracteristicas-ficha-tecnica-y-precio\"><strong>Samsung Galaxy A02</strong></a></li> <li><a href=\"Publicaciones/articulo/13/xiaomi-redmi-9c-caracteristicas-ficha-tecnica-y-precio\"><strong>Xiaomi Redmi 9C</strong></a></li> <li><strong>Moto E7 Plus</strong></li> <li><strong>Vivo Y20</strong></li> <li><strong>Samsung Galaxy A21s 64 GB</strong></li> <li><strong>Moto G9 Play</strong></li> <li><strong>Xiaomi Redmi 9</strong></li> <li><strong>Xiaomi Poco M3</strong></li> </ul> <h2><strong>Xiaomi Redmi 9A</strong></h2> <p><a href=\"publicaciones/articulo/7/xiaomi-redmi-9a-caracteristicas-ficha-tecnica-y-precio\"><img style=\"display: block; margin-left: auto; margin-right: auto;\" src=\"https://exitocol.vtexassets.com/arquivos/ids/4970193/celular-xiaomi-redmi-9a-32gb-2gb-ram-verde.jpg?v=637407919134500000\" alt=\"Xiaomi Redmi 9A\" width=\"580\" height=\"580\" /></a></p> <p>El dise&ntilde;o del <a href=\"publicaciones/articulo/7/xiaomi-redmi-9a-caracteristicas-ficha-tecnica-y-precio\"><strong>Xiaomi Redmi 9A</strong></a> tiene un dise&ntilde;o texturizado para evitar las huellas marcadas en el dispositivo. Tiene una pantalla LCD de 6.53 pulgadas con <strong>resoluci&oacute;n HD+</strong>, tiene una c&aacute;mara frontal de 5 megap&iacute;xeles y en la parte trasera el m&oacute;dulo con la c&aacute;mara principal de 13 megap&iacute;xeles. Lamentablemente, este equipo no tiene lector de huellas.</p> <p>Este equipo para ser de gama baja, es bastante potente con su bater&iacute;a de 5000mAh que, seg&uacute;n Xiaomi, puede durar hasta 34 d&iacute;as en modo reposo, 19 horas reproduciendo videos y 168 horas en reproducci&oacute;n de m&uacute;sica, con un procesador adaptado al gaming de 8 n&uacute;cleos MediaTek helio G25 de 2.0Ghz y una memoria interna de 32 GB expandible hasta los 128 GB con una microSD.</p> <p>El <strong><a href=\"publicaciones/articulo/7/xiaomi-redmi-9a-caracteristicas-ficha-tecnica-y-precio\">Xiaomi Redmi 9A</a>&nbsp;</strong>viene en color verde, negro y azul por un precio aproximado de <strong>100 d&oacute;lares</strong>.</p> <h2><strong>Moto E7</strong></h2> <p><a href=\"publicaciones/articulo/8/motorola-moto-e7-caracteristicas-ficha-tecnica-y-precio\"><strong><img style=\"display: block; margin-left: auto; margin-right: auto;\" src=\"https://phonesdata.com/files/models/Motorola-Moto-E7-985.jpg\" alt=\"Moto e7\" width=\"403\" height=\"580\" /></strong></a></p> <p>Motorola no se queda atr&aacute;s con uno de los tel&eacute;fonos inteligentes de gama baja con el <strong><a href=\"publicaciones/articulo/8/motorola-moto-e7-caracteristicas-ficha-tecnica-y-precio\">Moto e7</a>&nbsp;</strong>que tiene una pantalla LCD de 6.5 pulgadas con una resoluci&oacute;n HD+ de 1600x720 apostando a la c&aacute;mara trasera dual de 48 megap&iacute;xeles, la c&aacute;mara secundaria viene con enfoque macro para detallar las fotograf&iacute;as y un sensor de 2 megap&iacute;xeles. Y, como no puede faltar, la c&aacute;mara delantera con 5 megap&iacute;xeles y su lector de huellas en la parte trasera sobre el logotipo de la marca.</p> <p>El <strong><a href=\"publicaciones/articulo/8/motorola-moto-e7-caracteristicas-ficha-tecnica-y-precio\">Moto e7</a>&nbsp;</strong>est&aacute; equipado con una bater&iacute;a de 4000 mAh de larga duraci&oacute;n para que trabajes y juegues por m&aacute;s de un d&iacute;a. Y, en cuanto a su cerebro nos topamos con un procesador de 8 n&uacute;cleos Helio G25 de 2.0Ghz para ejecutar videojuegos al mayor rendimiento posible junto con su apoyo gr&aacute;fico PowerVr GE8320&nbsp; con memoria interna de 32 GB expandibles a 512 GB con microSD.</p> <p>El smartphone viene en color azul aqua, gris mineral y rosa coral con un precio aproximado de <strong>110 d&oacute;lares.&nbsp;</strong></p> <p>Este dispositivo es ideal para comenzar en el mundo de los m&oacute;viles inteligentes con una configuraci&oacute;n decente para cumplir con las necesidades m&aacute;s b&aacute;sicas.</p> <h2><strong>Samsung Galaxy A02</strong></h2> <p><a href=\"publicaciones/articulo/11/samsung-galaxy-a02-caracteristicas-ficha-tecnica-y-precio\"><strong><img style=\"display: block; margin-left: auto; margin-right: auto;\" src=\"https://exitocol.vtexassets.com/arquivos/ids/7665947/celular-samsung-galaxy-a02-64gb-negro.jpg?v=637571270521930000\" alt=\"Samsung Galaxy A02\" width=\"580\" height=\"580\" /></strong></a></p> <p>El <strong><a href=\"publicaciones/articulo/11/samsung-galaxy-a02-caracteristicas-ficha-tecnica-y-precio\">Samsung Galaxy A02</a>&nbsp;</strong>es un equipo ligero con un dise&ntilde;o llamativo de rayas con una c&aacute;mara principal dual de 13 megap&iacute;xeles,un sensor macro de 2 megap&iacute;xeles y una c&aacute;mara frontal de 5 megap&iacute;xeles.</p> <p>Cuenta con una bater&iacute;a de 5000 mAh, procesador de 4 n&uacute;cleos, memoria interna de 64 GB ampliable hasta 1 TB con tarjeta SD y memoria RAM de 3 GB.</p> <p>Viene en colores como el azul, negro, gris y rojo por un precio aproximado de&nbsp;<strong>116 d&oacute;lares.</strong></p> <p>Un equipo bastante econ&oacute;mico ideal para almacenar gran cantidad de informaci&oacute;n.</p> <h2><strong>Xiaomi Redmi 9C</strong></h2> <p><a href=\"Publicaciones/articulo/13/xiaomi-redmi-9c-caracteristicas-ficha-tecnica-y-precio\"><img style=\"display: block; margin-left: auto; margin-right: auto;\" src=\"https://exitocol.vtexassets.com/arquivos/ids/4388751/celular-xiaomi-redmi-9c-64gb-3gb-ram-gris.jpg?v=637377896988600000\" alt=\"Xiaomi Redmi 9C\" width=\"580\" height=\"580\" /></a></p> <p>El <strong><a href=\"Publicaciones/articulo/13/xiaomi-redmi-9c-caracteristicas-ficha-tecnica-y-precio\">Xiaomi Redmi 9C</a>&nbsp;</strong>se mantiene con la misma pantalla LCD de 6.53 pulgadas y su c&aacute;mara frontal de 5 megap&iacute;xeles del <a href=\"publicaciones/articulo/7/xiaomi-redmi-9a-caracteristicas-ficha-tecnica-y-precio\"><strong>Xiaomi Redmi 9A </strong></a>solo que su c&aacute;mara principal contiene tres sensores, el sensor principal de 13 megap&iacute;xeles, un sensor gran angular de 5 megap&iacute;xeles y un sensor de profundidad de 2 megap&iacute;xeles. Y, comparado con el anterior, si tiene lector de huellas.</p> <p>El equipo se mantiene con la bater&iacute;a de 5000mAh, con un procesador de 8 n&uacute;cleos MediaTek helio G35 de 2.0Ghz incorporandose con una tarjeta gr&aacute;fica perfecta para videojuegos y buena fotograf&iacute;a. Su capacidad de memoria se multiplica por 2, dando como resultado una memoria interna de 64 GB expandible hasta los 256 GB con una microSD</p> <p>El <a href=\"Publicaciones/articulo/13/xiaomi-redmi-9c-caracteristicas-ficha-tecnica-y-precio\"><strong>Xiaomi Redmi 9C </strong></a>viene en color azul, naranja y negro por un precio aproximado de <strong>125 d&oacute;lares</strong>.</p> <h2><strong>Moto E7 Plus</strong></h2> <p><img style=\"display: block; margin-left: auto; margin-right: auto;\" src=\"https://comoto.vteximg.com.br/arquivos/ids/158864-800-800/MotoE7Plus-Guam-AzulMystic_Hero.png?v=637423404307770000\" alt=\"Moto E7 Plus\" width=\"580\" height=\"580\" /></p> <p>El <strong>Moto E7 Plus&nbsp;</strong>est&aacute; entre <strong>los mejores celulares de gama baja&nbsp;</strong>con una relaci&oacute;n calidad-precio justificable con fotograf&iacute;as n&iacute;tidas gracias a su c&aacute;mara trasera dual de 48 megap&iacute;xeles y frontal de 8 megap&iacute;xeles con una pantalla HD + de 6.5 pulgadas, reconocimiento facial y lector de huella.</p> <p>El dispositivo cuenta con una bater&iacute;a de 5000mAh, un procesador <strong>Qualcomm Snapdragon 460</strong> de 8 n&uacute;cleos con una capacidad de memoria interna de 64 GB ampliable a 128 GB con microSD y memoria RAM de 4 GB.</p> <p>El <strong>Moto E7 Plus&nbsp;</strong>viene en color negro, blanco, rojo, amarillo, verde y azul por un precio aproximado de <strong>130 d&oacute;lares.</strong></p> <p>Sin duda, el equipo perfecto para aquellos que b&uacute;scan excelentes fotograf&iacute;as y potencia en un solo lugar por un precio razonable.</p> <h2><strong>Vivo Y20</strong></h2> <p><strong><img style=\"display: block; margin-left: auto; margin-right: auto;\" src=\"https://falabella.scene7.com/is/image/FalabellaCO/12784900_1?wid=800&amp;hei=800&amp;qlt=70\" alt=\"Vivo Y20\" width=\"580\" height=\"580\" /></strong></p> <p>El gran<strong> vivo Y20&nbsp;</strong>con dise&ntilde;o c&oacute;modo y moderno con una pantalla HD+ de 6.51 pulgadas para que vivas una experiencia visual increible, una c&aacute;mara triple de 13 megap&iacute;xeles, un sensor efecto bokeh de 2 megap&iacute;xeles, un sensor macro de 2 megap&iacute;xeles y con dise&ntilde;o de lector de huella en la parte lateral.</p> <p>Lo que destaca de este equipo es un modo multi-turbo para que disfrutes la experiencia c&oacute;moda, genial y divertida en tus videojuegos. Tambien posee una bater&iacute;a de larga durabilidad de 5000 mAh, tiene carga r&aacute;pida, posee un procesador <strong>Helio P25</strong> de 8 n&uacute;cleos que ofrece mayor potencia a un consumo de energ&iacute;a m&iacute;nimo con una velocidad de 2.5Ghz.</p> <p>Su capacidad de almacenamiento interno es de 64 GB expandible hasta 256 GB con una memoria RAM de 4 GB.</p> <p>Este equipo viene en color azul oscuro y negro por un precio aproximado de&nbsp;<strong>147 d&oacute;lares.</strong></p> <p>Un dispositivo ideal para ejecutar videojuegos a una calidad y nivel de optimizaci&oacute;n increible para ser de gama baja.</p> <h2><strong>Samsung Galaxy A21s 64 GB</strong></h2> <p><img style=\"display: block; margin-left: auto; margin-right: auto;\" src=\"https://m.media-amazon.com/images/I/61VeJJT4VmL._AC_SX522_.jpg\" alt=\"Samsung Galaxy A21s\" width=\"553\" height=\"580\" /></p> <p>El <strong>Samsung Galaxy A21s 64 GB</strong> se presenta con una increible pantalla HD + de 6.5 pulgadas generando una experiencia visual llamativa y su c&aacute;mara principal c&uacute;adruple de 48 megap&iacute;xeles, sensor ultra panor&aacute;mico de 8 megap&iacute;xeles, sensor macro de 2 megap&iacute;xeles y un sensor de profundidad de 2 megapixles para que te deslumbres con las capturas de paisajes que puede tomar este dispositivo. Adem&aacute;s cuenta con una c&aacute;mara frontal de 12 megapixeles. Y, por supuesto, cuenta con lector de huellas en la parte trasera.</p> <p>Cuenta con una bater&iacute;a de 5000 mAh con durabilidad de hasta dos d&iacute;as us&aacute;ndolo al m&aacute;ximo, cuenta con un procesador como cerebro Exynos de 8 n&uacute;cleos, capacidad de memoria interna de 64 GB expandible hasta 512 GB con microSD y memoria RAM de 4 GB</p> <p>Viene en color negro, blanco, azul y rojo por un precio aproximado de&nbsp;<strong>150 d&oacute;lares</strong>.</p> <p>Un equipo ideal para los amantes de la fotograf&iacute;a que esperan excelentes capturas de paisajes a un precio econ&oacute;mico.</p> <h2><strong>Moto G9 Play</strong></h2> <p><img style=\"display: block; margin-left: auto; margin-right: auto;\" src=\"https://exitocol.vtexassets.com/arquivos/ids/7167826/celular-motorola-moto-g9-power-128gb-morado.jpg?v=637523694495900000\" alt=\"Moto G9 Play\" width=\"580\" height=\"580\" /></p> <p>El&nbsp;<strong>Moto G9 Play</strong> es el celular que nos ofrece potencia, fotograf&iacute;as n&iacute;tidas y video <strong>fullHD</strong> gracias a su c&aacute;mara triple de 64 megap&iacute;xeles con sensor macro de 2 megap&iacute;xeles y de profundidad de 2 megap&iacute;xeles.&nbsp;</p> <p>Viene con reconocimiento facial, lector de huella y carga r&aacute;pida. Su bater&iacute;a es de 5000 mAh, un procesador Snapdragon 662 de 8 n&uacute;cleos, 64 GB de memoria interna y 4 GB de memoria RAM.</p> <p>El&nbsp;<strong>Moto G9 Play&nbsp;</strong>puede ser adquirido con el color zafiro azul y verde bosque con un precio aproximado de&nbsp;<strong>150 d&oacute;lares.</strong></p> <p>Si quieres un dispositivo m&oacute;vil econ&oacute;mico y una buena c&aacute;mara para grabar videos en excelente calidad, este es el indicado.</p> <h2><strong>Xiaomi Redmi 9</strong></h2> <p><strong><img style=\"display: block; margin-left: auto; margin-right: auto;\" src=\"https://falabella.scene7.com/is/image/FalabellaCO/7646158_1?wid=800&amp;hei=800&amp;qlt=70\" alt=\"Xiaomi Redmi 9\" width=\"800\" height=\"800\" /></strong></p> <p>El primer Redmi con una c&aacute;mara cuadruple con inteligencia artificial con sensores gran agular de 8 megap&iacute;xeles, macro de 5 megap&iacute;xeles y 2 megap&iacute;xeles en el sensor bokeh, c&aacute;mara frontal de 8 megap&iacute;xeles, lectura de huella y una pantalla <strong>FullHD&nbsp;</strong>de 6.53 pulgadas.</p> <p>El <strong>Redmi 9&nbsp;</strong>cuenta con carga r&aacute;pida, una bater&iacute;a de 5020 mAh, procesador <strong>mediatek helio G80</strong>, capacidad interna de 64 GB expandible a 512 GB con microSD y memoria RAM de 4 GB.</p> <p>El equipo se encuentra disponible en gris carb&oacute;n, verde oc&eacute;ano y p&uacute;rpura por un precio aproximado de&nbsp;<strong>155 d&oacute;lares</strong> pero tambi&eacute;n se encuentra su variante de 3 GB de RAM con 32 GB de almacenamiento interno con precio aproximado de <strong>127 d&oacute;lares.</strong></p> <p>Un equipo completo con un dise&ntilde;o llamativo, moderno y econ&oacute;mico.</p> <h2><strong>Xiaomi Poco M3</strong></h2> <p><img style=\"display: block; margin-left: auto; margin-right: auto;\" src=\"https://xiaomiibague.com/wp-content/uploads/2021/01/POCO-M3-VARIOS.png\" alt=\"Xiaomi Poco M3\" width=\"580\" height=\"580\" /></p> <p>Hablemos un \"Poco\" del <strong>Xiami Poco M3</strong>, un tel&eacute;fono inteligente con dise&ntilde;o &uacute;nico y llamativo para aquellos que quieran presumir esta belleza. Este equipo tiene una pantalla de 6.53 pulgadas full HD+ con una c&aacute;mara principal triple de 48 megap&iacute;xeles, una c&aacute;mara secundaria de enfoque fijo de 2 megap&iacute;xeles y un sensor de profundidad id&eacute;ntico de 2 megap&iacute;xeles.</p> <p>El <strong>Poco M3,&nbsp;</strong>ligero y c&oacute;modo consiguiendo la suavidad en el tacto, cuenta con un lector de huellas en el bot&oacute;n de encendido, que respecto a esto, es algo raro adaptarse al lector cuando en la mayor&iacute;a se encuentran en la parte trasera. Adem&aacute;s de su dise&ntilde;o, su hardware cuenta con un procesador Qualcomm Snapdragon 660 de 8 n&uacute;cleos ideal para correr videojuegos sin ning&uacute;n problema, con una bater&iacute;a de 6000mAh del cual no tendr&aacute;s que preocuparte sin duda de la carga y una memoria interna de 128 GB expandible hasta 512 GB.</p> <p>El <strong>Xiami Poco M3&nbsp;</strong>viene en color azul, amarillo y negro con un precio aproximado de <strong>170 d&oacute;lares</strong>.</p> <p>Un tel&eacute;fono con la configuraci&oacute;n deseada a un precio razonable, pero como todo lo bueno tiene su \"pero\", es algo lento respecto a la navegaci&oacute;n del sistema y aplicaciones.</p> <h3>Destacados</h3> <ul> <li>El m&aacute;s econ&oacute;mico: <strong>Xiaomi Redmi 9A</strong></li> <li>El m&aacute;s costoso: <strong>Xiami Poco M3</strong></li> <li>Mayor capacidad ampliable: <strong>Samsung Galaxy A02</strong></li> <li>El m&aacute;s r&aacute;pido: <strong>Samsung Galaxy A21s 64 GB</strong></li> <li>Ideal para videojuegos: <strong>Vivo Y20</strong></li> <li>Ideal para videos: <strong>Moto G9 Play</strong></li> </ul>', 'https://media.cdn.eldestapeweb.com/eldestape/112020/1605205082240/Celulares-Android.jpg', '2021-09-08 13:32:28', 'top-10-mejores-celulares-de-gama-baja', 0),
(6, 2, 5, 'Spa en casa ¿cómo hacerlo?', '<p style=\"text-align: justify;\">Generalmente en nuestro diario vivir realizamos muchas actividades tanto laborales como personales, ya casi no tenemos tiempo y recursos para nosotros mismos pues es importante no olvidarnos de nuestro ser.</p> <p style=\"text-align: justify;\">Por este motivo quiero hablarles de c&oacute;mo realizar un spa en la comodidad de t&uacute; hogar de una manera pr&aacute;ctica y econ&oacute;mica que nos permita tener una conexi&oacute;n entre <strong>Mente-Cuerpo-Esp&iacute;ritu</strong>.</p> <h2><strong>Mente</strong></h2> <p style=\"text-align: justify;\"><img src=\"https://bienestarinteligente.com/wp-content/uploads/2019/09/BI-pildora16-pixabay.jpg\" alt=\"Mente\" width=\"871\" height=\"580\" /></p> <p style=\"text-align: justify;\">Es donde todo debemos tenerlo claro y preciso, donde reside nuestros pensamientos y razonamientos. Podemos ayudarnos con dos importantes elementos que son la<strong> Musicoterapia</strong> y la <strong>Aromaterapia</strong>.&nbsp;</p> <h3><strong>&iquest;C&oacute;mo usar la Musicoterapia?</strong></h3> <p style=\"text-align: justify;\">Desde la comodidad de tu hogar o sitio de preferencia, podemos buscar m&uacute;sica ya sea en alguna app preferida la m&aacute;s popular en este caso es <strong>YOUTUBE</strong> especialmente que sea canto de ballenas, delfines, canto de aves, sonidos de lluvia o cascadas, instrumentales, y cl&aacute;sica.</p> <p style=\"text-align: justify;\">Esto har&aacute; que nuestro cerebro ocupe toda su atenci&oacute;n en la melod&iacute;a y dejarnos llevar por ella.</p> <h3 style=\"text-align: justify;\"><strong>&iquest;C&oacute;mo usar la Aromaterapia?</strong></h3> <p style=\"text-align: justify;\">Desde la comodidad de tu hogar o sitio de preferencia, podemos usar una esencia de aromas frutales, herbales, madera, florales, etc., f&aacute;ciles de obtener en las plazas de mercado de tu ciudad o barrio.</p> <p style=\"text-align: justify;\">Puedes buscar de lavanda, canela, sand&iacute;a, mandarina, naranja, bergamota, chocolate, miel y un sin fin de aromas muy perceptibles a nuestro olfato. Debemos colocar unas gotas en nuestras manos luego frotarlas y&nbsp; ponerlas en nuestra nariz realizando 3 inhalaciones profundas , tambi&egrave;n puedes usar un humificador para que se disperse en toda la habitaci&ograve;n esto har&agrave; que nuestros sentidos se concentren en el aroma provocando una relajaci&ograve;n total.</p> <h2 style=\"text-align: justify;\"><strong>Cuerpo</strong></h2> <p style=\"text-align: justify;\"><img src=\"https://cdn.pixabay.com/photo/2020/05/11/13/48/relax-5158376_1280.jpg\" alt=\"Cuerpo\" width=\"967\" height=\"580\" /></p> <p style=\"text-align: justify;\">T&uacute; cuerpo, tu templo. Es el centro de todo es nuestro veh&igrave;culo donde alberga todo nuestro ser, es importante cuidarlo desde su interior como su exterior.</p> <h3 style=\"text-align: justify;\"><strong>&iquest;C&oacute;mo cuidarlo en su exterior?</strong></h3> <p style=\"text-align: justify;\">Desde la comodidad de tu hogar o sitio de preferencia podemos usar un ba&ntilde;o relajante, podemos usar sales de ba&ntilde;o, p&egrave;talos de rosas, trozos de frutas, hierbas dulces, estos elementos son f&agrave;ciles de encontrar en plazas de mercado, de tu ciudad&nbsp; y barrio.&nbsp;</p> <p style=\"text-align: justify;\">Para realizar este ba&ntilde;o relajante no es necesario tener una tina, con s&ograve;lo poner las hierbas en tu regadera con agua caliente puedes disfrutarlo, o en su efecto puedes calentar agua en una olla grande poner todos los elementos de&nbsp; preferencia y disfrutar de este delicioso ba&ntilde;o. Adicional puedes usar una mascarilla facial y corporal puede ser artesanal o donde vendan productos de belleza., esto har&agrave; que tu piel quede limpia, refrescante, suave y m&ugrave;sculos muy relajados que es nuestro objetivo principal.</p> <h3 style=\"text-align: justify;\"><strong>&iquest;C&oacute;mo cuidarlo en su interior?</strong></h3> <p style=\"text-align: justify;\">Desde la comodidad de tu cocina o sitio de preferencia, podemos realizar un batido, puede ser verde, de frutas o combinaci&ograve;n de frutos secos esto nos permite tener una limpieza sencilla intestinal, tambi&egrave;n consumir muchas agua mantenernos hidratados, consumir muchas frutas y verduras el alimentarnos de forma balanceada nos permitira reflejarlo al exterior en nuestra piel, cabello, u&ntilde;as y una perdida notable de peso.</p> <h2 style=\"text-align: justify;\"><strong>Esp&iacute;ritu</strong></h2> <p style=\"text-align: justify;\"><img src=\"https://www.gazetaprogreso.com.ar/wp-content/uploads/2021/04/11a.ALMA-INQUIETA.jpg?w=640\" alt=\"Esp&iacute;ritu\" width=\"611\" height=\"580\" /></p> <p style=\"text-align: justify;\">Es donde est&agrave; toda nuestra energ&igrave;a pura y activa, es nuestra actitud hacia la vida misma.</p> <h3><strong>&iquest;C&oacute;mo manternerlo activo?</strong></h3> <p style=\"text-align: justify;\">Es tener conexi&ograve;n con la naturaleza, puedes realizarlo con una caminata por senderos naturales o un parque cercano a tu casa, practicar yoga, meditar, ayudar, compartir, disfrutar de lo simple y dar las gracias a Dios y al universo por nuestra existencia.</p> <h2 style=\"text-align: justify;\"><strong>Hazlo t&uacute; mismo</strong></h2> <p style=\"text-align: justify;\"><img src=\"https://f.hubspotusercontent40.net/hub/7862442/hubfs/shutterstock_93380944.jpg?width=872&amp;name=shutterstock_93380944.jpg\" alt=\"Hazlo t&uacute; mismo\" width=\"405\" height=\"304\" /></p> <p style=\"text-align: justify;\">Vamos a crear un escenario, desde tu habitaci&ograve;n o sitio de preferencia para conectar nuestros tres factores <strong>Mente-Cuerpo-Esp&iacute;ritu</strong>. y realizar un spa en tu hogar para que todo est&egrave; en prefecto equilibrio.</p> <p style=\"text-align: justify;\">Preparamos todos nuestros elementos, empezamos a poner m&ugrave;sica para nuestra relajaci&ograve;n como se indic&ograve; anteriormente <em>(canto de ballenas, delfines, canto de aves, sonidos de lluvia o cascadas, instrumentales, y cl&aacute;sica).</em></p> <p style=\"text-align: justify;\">Luego usamos nuestra esencia de prefencia como se mencion&oacute; anteriormente<em> (herbales, frutales, florales, madera).</em> para relajar nuestros sentidos., mientras preparamos nuestro ba&ntilde;o relajante podemos ir aplicando nuestra mascarilla facial y corporal con un efecto de 20 a 30 minutos., despu&egrave;s de disfrutar nuestro ba&ntilde;o, nos recostaremos en nuestra cama o sof&agrave; y cerramos nuestros ojos para una peque&ntilde;a meditaci&ograve;n donde nuestra mente s&ograve;lo se concentrar&agrave; en nuestro ser olvidar por instante el exterior y lo que nos rodea s&ograve;lo disfrutando del aroma y la m&ugrave;sica. Al finalizar tomaremos un batido de frutas, un t&egrave; o una copa de vino.</p> <p style=\"text-align: justify;\">As&igrave; culminaremos nuestro spa en casa, es ideal realizarlo una vez por semana as&igrave; estaremos, activos, con mente despejada y un equilibrio perfecto para seguir en nuestro diario vivir.</p>', 'https://www.paraserbella.com/wp-content/uploads/2018/12/timothy-dykes-773273-unsplash.jpg', '2021-09-08 21:17:26', 'spa-en-casa-como-hacerlo', 1),
(7, 4, 2, 'Xiaomi Redmi 9A, características, ficha técnica y precio', '<h2><strong>Ficha t&eacute;cnica</strong></h2> <h4>Sistema</h4> <ul> <li>Sistema operativo: MIUI 12 (Android 10)</li> <li>Procesador: 8 n&uacute;cleos, MediaTek Helio G25 Cortex-A55 a 2.00 GHz</li> <li>Gr&aacute;fica: IMG PowerVR GE8320, a 650 MHz</li> <li>Memoria RAM: 2 GB</li> <li>Memoria interna: 32 GB ampliable mediante SD hasta 256 GB</li> <li>Sim: DualSim o doble SimCard</li> </ul> <h4>Pantalla</h4> <ul> <li>Pantalla IPS de 6.53 pulgadas</li> <li>Definici&oacute;n HD+</li> <li>Resoluci&oacute;n:</li> <li>720 x 1600 p&iacute;xeles</li> <li>Densidad: 269 ppi</li> </ul> <h4>C&aacute;mara</h4> <ul> <li>Frontal: 5 MP</li> <li>Trasera: 13 MP</li> <li>Flash: LED</li> </ul> <h4>Conectividad</h4> <ul> <li style=\"text-align: left;\">4G</li> <li style=\"text-align: left;\">Wi-fi</li> <li style=\"text-align: left;\">Bluetooth</li> </ul> <h4>Dimensiones</h4> <ul> <li>6.53 pulgadas</li> <li>164.4 x 75.9 x 9.1 mm</li> <li>Peso: 196 g</li> </ul> <h4>Bater&iacute;a</h4> <ul> <li>5000 mAh</li> </ul> <h4>Precio</h4> <ul> <li>93 USD - 134 USD</li> </ul> <h2><strong>Dise&ntilde;o</strong></h2> <p>El dise&ntilde;o del Xiaomi Redmi 9A posee una anchura de 75.9mm, altura de 164.4mm y un grosor de 9.1mm con un peso de 196g su cuerpo se compone de pl&aacute;stico, lo que permite que en su uso diario no se vean marcadas las huellas d&aacute;ctilares. No tiene lector de huellas, tiene c&aacute;mara frontal, una c&aacute;mara principal en la parte trasera y flash LED.</p> <p>El equipo viene en tres colores: verde, negro y azul.</p> <h2><strong>Pantalla</strong></h2> <p>Su pantalla usa la tecnolog&iacute;a IPS permitiendo mayor calidad de im&aacute;gen, con un tama&ntilde;o de 6.53\", resoluci&oacute;n de 720x1600 p&iacute;xeles y su densidad de p&iacute;xeles de 269 ppi.</p> <h2><strong>Rendimiento</strong></h2> <p>Consta de un procesador de 8 n&uacute;cleos MediaTek Helio G25, 2 n&uacute;cleos principales a 2.0 Ghz y 6 secundarios a 1.8 Ghz con una GPU IMG PowerVR GE8320 encargada de los gr&aacute;ficos, a 650 MHz.</p> <p>Su memoria RAM es de 2GB y una capacidad de almacenamiento interno de 32GB expandible hasta 256 GB.&nbsp;</p> <h2><strong>C&aacute;maras</strong></h2> <p>Como c&aacute;mara principal tiene una resoluci&oacute;n de 13 MP, resoluci&oacute;n de video de 2.07 MP a 30fps, c&aacute;mara frontal de 2 MP y una resoluci&oacute;n de video de 0.92 MP a 30fps.</p> <p>&nbsp;</p>', 'https://digitalbell.com.co/Assets/images/uploads/img_b4800fe5c236b14b914ef31b6ba80b94.jpg', '2021-09-14 01:28:15', 'xiaomi-redmi-9a-caracteristicas-ficha-tecnica-y-precio', 1),
(8, 4, 2, 'Motorola Moto E7, características, ficha técnica y precio', '<h2><strong>Ficha t&eacute;cnica</strong></h2> <h4>Sistema</h4> <ul> <li>Sistema operativo: Android 10</li> <li>Procesador: 8 n&uacute;cleos, MediaTek Helio G25 a 2.00 GHz</li> <li>Gr&aacute;fica: IMG PowerVR GE8320, a 650 MHz</li> <li>Memoria RAM: 2 GB</li> <li>Memoria interna: 32 GB ampliable mediante SD hasta 512 GB</li> <li>Sim: DualSim o doble SimCard</li> </ul> <h4>Pantalla</h4> <ul> <li>Pantalla IPS de 6.53 pulgadas</li> <li>Definici&oacute;n HD+</li> <li>Resoluci&oacute;n:</li> <li>720 x 1600 p&iacute;xeles</li> <li>Densidad: 269 ppi</li> </ul> <h4>C&aacute;mara</h4> <ul> <li>Frontal: 5 MP</li> <li>Trasera: Dual 48 MP con enfoque macro y sensor de profundidad 2 MP</li> <li>Flash: LED</li> </ul> <h4>Conectividad</h4> <ul> <li style=\"text-align: left;\">4G</li> <li style=\"text-align: left;\">Wi-fi</li> <li style=\"text-align: left;\">Bluetooth</li> <li style=\"text-align: left;\">USB tipo C</li> </ul> <h4>Dimensiones</h4> <ul> <li>6.53 pulgadas</li> <li>164.9 x 75.7 x 8.9 mm</li> <li>Peso: 180 g</li> </ul> <h4>Bater&iacute;a</h4> <ul> <li>4000 mAh</li> </ul> <h4>Precio</h4> <ul> <li>109 USD - 112 USD</li> </ul> <h2><strong>Dise&ntilde;o</strong></h2> <p>El dise&ntilde;o sencillo con cuerpo de pl&aacute;stico de tama&ntilde;o 164.9 mm de alto x 75.7 mm y un grosor de 8.9mm, peso de 180g. Viene con lector de huellas en la parte posterior justo encima de la marca.</p> <p>El equipo viene en tres colores: gris mineral, azul aqua y rosa coral.</p> <h2><strong>Pantalla</strong></h2> <p>Pantalla IPS permitiendo mayor calidad de im&aacute;gen, con un tama&ntilde;o de 6.53\", resoluci&oacute;n HD+ de 1600x720 p&iacute;xeles y su densidad de 269 ppi.</p> <h2><strong>Rendimiento</strong></h2> <p>Tiene como cerebro un procesador de 8 n&uacute;cleos MediaTek Helio G25, 2 n&uacute;cleos principales a 2.0 Ghz y 6 secundarios a 1.8 Ghz con una GPU IMG PowerVR GE8320 para el procesamiento de gr&aacute;ficos a una velocidad de 650Mhz.</p> <p>Su memoria RAM es de 2GB y una capacidad de almacenamiento interno de 32GB expandible hasta 512 GB.&nbsp;</p> <h2><strong>C&aacute;maras</strong></h2> <p>Posee una c&aacute;mara principal dual con tecnolog&iacute;a Quad p&iacute;xel que permite aumentar la sensibilidad en ambientes con poca luz, sensor macro de 2MP y una c&aacute;mara frontal de 5 MP.</p>', 'img_60adbf844b4bce16e4eca634f408d573.jpg', '2021-09-14 14:45:46', 'motorola-moto-e7-caracteristicas-ficha-tecnica-y-precio', 1),
(9, 2, 5, '¿Cómo hacer una rutina de limpieza facial?', '<p style=\"text-align: justify;\">Desde que inici&oacute; la pandemia y cerrar tantos negocios especialmente&nbsp; el sector belleza,&nbsp; debimos aprender cosas nuevas c&oacute;mo cortar nuestro cabello, realizarnos la manicura y pedicura. Entre otras cosas que debimos hacer por nuestra propia cuenta usando herramientas digitales como videos y tutoriales, el cual nos permiti&oacute; aprender como ensayo y error hasta hacerlo mejor.</p> <p style=\"text-align: justify;\">Por este motivo&nbsp; ir a un sal&oacute;n de belleza o spa a&uacute;n no es tan seguro por t&eacute;rminos de bioseguridad,&nbsp; quiero ense&ntilde;arles como hacer una sencilla limpieza facial muy pr&aacute;ctica en la comodidad de tu hogar., para esto debemos aplicar los pasos a continuaci&oacute;n.</p> <p style=\"text-align: justify;\">&nbsp;</p> <h2><strong>1. Retirar el maquillaje</strong></h2> <p><img src=\"https://img.vixdata.io/pd/jpg-large/es/sites/default/files/imj/imujer/C/C%C3%B3mo%20remover%20correctamente%20el%20maquillaje%20ojos.jpg\" alt=\"Retirar maquillaje\" width=\"533\" height=\"388\" /></p> <p>&nbsp;</p> <p style=\"text-align: justify;\">Es muy importante que al finalizar el d&iacute;a o nuestras actividades debamos retirar nuestro maquillaje, debemos usar productos como agua micelar, leche desmaquillante, aceites, bif&aacute;sicos, gel, toallitas, entre otros productos que existen en el mercado algunos algo costosos otros econ&oacute;micos&nbsp; y claro est&aacute; ideal para tu tipo de piel.</p> <p style=\"text-align: justify;\">Importante usar aceite puede ser de ricino para retirar la pesta&ntilde;ina&nbsp; y no queden residuos o grumos de esta.</p> <p style=\"text-align: justify;\">&nbsp;</p> <h2><strong>2. Limpiar el rostro</strong></h2> <p>&nbsp;</p> <p><strong><img src=\"https://www.clinicabiblica.com/images/noticias/limpieza-facial.jpg\" alt=\"Limpiar rostro\" width=\"514\" height=\"278\" /></strong></p> <p>&nbsp;</p> <p style=\"text-align: justify;\">Despu&eacute;s de haber retirado todo el maquillaje, van a quedar residuos todavia en el rostro por eso debemos usar una leche limpiadora, un jab&oacute;n en gel, o un jab&oacute;n en barra para todo tipo de piel especialmente para el rostro. Debemos hacer movimientos circulares y enfatizar donde tengamos lineas de expresi&oacute;n en terminos generales.</p> <p style=\"text-align: justify;\">Es ideal incluir el cuello y repetir 2 veces <em>(lavar, enjuagar, lavar y enjuagar con abundante agua)</em>. Luego secamos con una toalla de forma suave y en toquesitos.</p> <p style=\"text-align: justify;\">&nbsp;</p> <h2 style=\"text-align: justify;\"><strong>3. Aplicar T&oacute;nico</strong></h2> <p style=\"text-align: justify;\">&nbsp;</p> <p style=\"text-align: justify;\"><strong><img src=\"https://st4.depositphotos.com/1001992/21113/i/600/depositphotos_211131836-stock-photo-girl-removing-makeup-with-cotton.jpg\" alt=\"Aplicar t&oacute;nico\" width=\"517\" height=\"517\" /></strong></p> <p style=\"text-align: justify;\">Este paso es ideal, pues equilibra el PH&nbsp; de la piel se puede&nbsp; aplicar un t&oacute;nico&nbsp; de rosas, pepino, arroz, cal&eacute;dula entre otros., aparte de hidratar y refrescar ayuda&nbsp; prepara la piel para el pr&oacute;ximo producto sea mascarilla, suero, o crema facial.&nbsp;</p> <p style=\"text-align: justify;\">Se aplica con un pomo de algod&oacute;n con suaves toquesitos hasta que absorba en su todalidad importante incluir cuello.</p> <p style=\"text-align: justify;\">&nbsp;</p> <h2 style=\"text-align: justify;\"><strong>4. Mascarilla&nbsp;</strong></h2> <p style=\"text-align: justify;\">&nbsp;</p> <p style=\"text-align: justify;\"><strong><img src=\"https://smoda.elpais.com/wp-content/uploads/2020/06/GettyImages-888075344-591x447.jpg\" alt=\"Mascarilla\" width=\"504\" height=\"381\" /></strong></p> <p style=\"text-align: justify;\">Este paso es muy importante, pues las mascarillas&nbsp; nos ayudan para el manejo de imperfecciones de la piel seg&uacute;n su tipo y necesidad. Pueden ser artesanales, en crema, o como velo facial f&aacute;ciles de conseguir en&nbsp; distribuidoras de belleza.</p> <p style=\"text-align: justify;\">Despu&eacute;s de su aplicaci&oacute;n esta debe durar entre 20 a 30 minutos pasado este tiempo retiramos y enjuagamos su resultado una piel suave y tersa.</p> <p style=\"text-align: justify;\">&nbsp;</p> <h2 style=\"text-align: justify;\"><strong>5. Crema Facial</strong></h2> <p style=\"text-align: justify;\">&nbsp;</p> <p style=\"text-align: justify;\"><strong><img src=\"https://ichef.bbci.co.uk/news/640/cpsprodpb/177B/production/_97211060_capture.jpg\" alt=\"Crema facial\" width=\"586\" height=\"372\" /></strong></p> <p style=\"text-align: justify;\">&nbsp;</p> <p style=\"text-align: justify;\">Para finalizar nuestro ritual de esta sencilla limpieza facial, debemos aplicar una crema facial de preferencia y seg&uacute;n tipo de piel para esto debemos aplicar cremas hidratantes, nutritivas, anti-edad, y un sin fin de complementos para tratar nuestra piel, adicional si no quieres aplicar una crema facial puedes aplicar suero facial pues este tiene menor concentraci&oacute;n en componentes grasos viene en varias presentaciones para, manchas, hidrataci&oacute;n, flacidez y acn&eacute;.</p> <p style=\"text-align: justify;\">Debe aplicarse con el purplejo o <em>(yemas) </em>de los dedos de forma circular realizando un suave masaje de forma ascendente y peque&ntilde;os toquesitos. Ideal todos los d&iacute;as, antes de acostarse o en el d&iacute;a si estas en casa.</p>', 'https://www.bezzia.com/wp-content/uploads/2017/05/desmaquillarse-productos-naturales.jpg', '2021-09-14 16:54:02', 'como-hacer-una-rutina-de-limpieza-facial', 1),
(10, 4, 2, 'prueba', '<p>asd</p>', 'https://www.devicespecifications.com/es/model/44ee55b5', '2021-09-14 17:28:25', 'prueba', 0),
(11, 4, 2, 'Samsung Galaxy A02, características, ficha técnica y precio', '<h2><strong>Ficha t&eacute;cnica</strong></h2> <h4>Sistema</h4> <ul> <li>Sistema operativo: Android 10</li> <li>Procesador:&nbsp; 4 n&uacute;celos, MediaTek MT6739V Cortex-A53 a 1.50 GHz</li> <li>Gr&aacute;fica: PowerVR GE8100, a 450 MHz</li> <li>Memoria RAM: 2 GB / 3GB</li> <li>Memoria interna: 32 GB / 64 GB ampliable hasta 1 TB con microSD</li> <li>Sim: DualSim o doble SimCard</li> </ul> <h4>Pantalla</h4> <ul> <li>Pantalla TFT de 6.5 pulgadas</li> <li>HD+</li> <li>Resoluci&oacute;n: 720 x 1520 p&iacute;xeles</li> <li>Densidad: 259 ppi</li> </ul> <h4>C&aacute;mara</h4> <ul> <li>Frontal: 5 MP</li> <li>Trasera: Dual de 13 MP con enfoque macro de 2 MP</li> <li>Flash: LED</li> </ul> <h4>Conectividad</h4> <ul> <li style=\"text-align: left;\">4G</li> <li style=\"text-align: left;\">Wi-fi</li> <li style=\"text-align: left;\">Bluetooth</li> <li style=\"text-align: left;\">microUSB</li> </ul> <h4>Dimensiones</h4> <ul> <li>6.5 pulgadas</li> <li>164 x 75.9 x 9.1 mm</li> <li>Peso: 206 g</li> </ul> <h4>Bater&iacute;a</h4> <ul> <li>5000 mAh</li> </ul> <h4>Precio</h4> <ul> <li>104 USD - 117 USD</li> </ul> <h2><strong>Dise&ntilde;o</strong></h2> <p>Presenta un dise&ntilde;o b&aacute;sico con cuerpo de pl&aacute;stico y dimensiones de 164 mm de alto x 75.9 mm con un grosor de 9.1mm y peso de 206g. Sin lector de huellas y disponible en color azul, negro, gris y rojo.</p> <h2><strong>Pantalla</strong></h2> <p>La pantalla tiene tecnolog&iacute;a TFT permitiendo una definici&oacute;n HD+ y su resoluci&oacute;n 720 x 1520 p&iacute;xeles con una densidad de 259 ppi.</p> <h2><strong>Rendimiento</strong></h2> <p>El Galaxy A02 cuenta con un procesador MediaTek MT6739V de 4 n&uacute;cleos con una memoria RAM de 2 GB/ 3GB para un rendimiento fluido y su capacidad interna de 32 GB/64 GB ampliables a una 1 TB.</p> <h2><strong>C&aacute;maras</strong></h2> <p>Su c&aacute;mara principal permite tomar fotos lleno de detalles gracias a su c&aacute;mara dual de 13 MP y su sensor macro de 2MP. Y, por supuesto, con una c&aacute;mara frontal de 5 MP.</p>', 'img_7cac40cc1205406120ea320f23bc0195.jpg', '2021-09-15 15:18:55', 'samsung-galaxy-a02-caracteristicas-ficha-tecnica-y-precio', 1);
INSERT INTO `post` (`idpost`, `person_id`, `topics_id`, `title`, `description`, `image`, `datecreated`, `route`, `status`) VALUES
(12, 2, 5, '¿Conoces tu tipo de piel? aprende cuál es tu tipo y cuidados', '<p style=\"text-align: justify;\">Todos no tenemos el mismo tipo de piel y debido a eso no usamos los productos correctos para el cuidado de la misma, generalmente es porque no, nos asesoran bien o no consultamos correctamente. Por eso es muy importante aprender a conocer nuestra piel y claro est&aacute; usar correctamente productos dermocosm&eacute;ticos para cuidarla.&nbsp;&nbsp;</p> <h2 style=\"text-align: justify;\"><strong>Piel normal</strong></h2> <p><img src=\"https://files.wapa.pe/Wapa/2018/09/13/Piel-normal-1536859101.jpg\" alt=\"Piel normal\" width=\"354\" height=\"265\" /></p> <p>&nbsp;</p> <p style=\"text-align: justify;\">Es una piel saludable que tolera todo tipo de clima, algunos productos, no necesita hidratarse, es firme&nbsp; y suave no son visibles las lineas de expresi&oacute;n y poros. Generalmente este tipo de piel es perfecta en menores de 10 a&ntilde;os, es algo dif&iacute;cil que alguien de&nbsp; 30 a&ntilde;os promedio tenga este tipo de piel.</p> <h3 style=\"text-align: justify;\"><strong>&iquest;C&oacute;mo cuidarla?</strong></h3> <p style=\"text-align: justify;\">C&oacute;mo es una piel normal tiene la ventaja de probar un sin fin de productos de belleza pues es apta para tolerar varios productos, pero de todas maneras es recomendable usar productos que indiquen para <em>(para piel normal)&nbsp;</em>adem&aacute;s no es sensible por lo que si es muy ideal usar bloqueador solar., disfrutar de este tipo de piel es maravilloso.</p> <p>&nbsp;</p> <h2 style=\"text-align: justify;\"><strong>Piel grasa</strong></h2> <p><img src=\"https://estaticos.miarevista.es/media/cache/760x570_thumb/uploads/images/article/553e55d01422f6ce4d18f786/Piel_grasa.jpg\" alt=\"Piel grasa\" width=\"394\" height=\"295\" /></p> <p>&nbsp;</p> <p style=\"text-align: justify;\">Su apariencia es siempre brillante motivo porque no tiene suficiente grasa y no retiene la humedad por falta de l&iacute;pidos, tambi&eacute;n son muy visibles los poros, tiende a tener muchas p&uacute;stulas <em>(espinillas)</em> y comedones <em>(puntos negros)</em>. adicional el maquillaje tiende a no quedarse fijo. Pero no todo es malo este tipo de piel es libre de l&iacute;neas de expresi&oacute;n y arrugas pues por ser grasa es algo d&iacute;ficil que aparezcan pronto.</p> <h3 style=\"text-align: justify;\"><strong>&iquest;C&oacute;mo cuidarla?</strong></h3> <p style=\"text-align: justify;\">Para este tipo de piel es ideal usar productos libres de aceites, usar productos que digan <em>(no comedog&eacute;nicos)&nbsp;</em>para evitar la obstrucci&oacute;n de poros, mascarillas de carb&oacute;n activado, arcilla, avena, jab&oacute;n facial en gel, exfoliantes, bloqueador solar en gel o en seco y cremas hidratantes sin aceites. es un tipo de piel que hay que saberla cuidar y tiene sus ventajas.</p> <p style=\"text-align: justify;\">&nbsp;</p> <h2 style=\"text-align: justify;\"><strong>Piel seca</strong></h2> <p><img src=\"https://static.ducray.com/sites/ducray_es/files/styles/asset_image_full_news_750x422/public/articles/piel-seca-con-granos.jpg?itok=B8lHXsn9\" alt=\"Piel seca\" width=\"395\" height=\"222\" /></p> <p>&nbsp;</p> <p style=\"text-align: justify;\">Su textura es &aacute;spera es muy fina y poco el&aacute;stica, poros cerrados es expuesta a enrojecimientos e irritaciones., el motivo es porque est&aacute; deshidratada y falta de grasa en la piel por lo que se forman grietas, l&iacute;neas de expresi&oacute;n o arrugas prematuras, mantiene escamosa, en algunos casos da picaz&oacute;n y muy&nbsp; sensible.</p> <h3 style=\"text-align: justify;\"><strong>&iquest;C&oacute;mo cuidarla?</strong></h3> <p style=\"text-align: justify;\">Debemos usar productos muy hidratantes, tanto en cremas faciales como de limpieza ideal evitar jabones fuertes con fragancias y que contengan c&iacute;tricos, el mantenerse hidratado es muy importante.</p> <p style=\"text-align: justify;\">&nbsp;</p> <h2 style=\"text-align: justify;\"><strong>Piel mixta</strong></h2> <p><img src=\"https://depielintegral.com.ar/wp-content/uploads/2017/02/piel-mixta-31.jpg\" alt=\"Piel mixta\" width=\"522\" height=\"326\" /></p> <p style=\"text-align: justify;\">Es una piel que generalmente en la zona T (<em>frente, nariz, ment&oacute;n</em>) es grasa y <em>(mejillas)</em> es seca por eso se conoce como piel mixta, es habitual usar dos tipos distintos de productos para tratar el &aacute;rea correspondiente.</p> <h3 style=\"text-align: justify;\"><strong>&iquest;C&oacute;mo cuidarla?</strong></h3> <p style=\"text-align: justify;\">En el mercado ya existen productos dise&ntilde;ados especialmente para este tipo de piel, debe cuidarse para nivelar el PH con t&oacute;nicos, cremas hidratantes y nutritivas.</p> <p style=\"text-align: justify;\">Para todos estos tipos de piel deben cuidarse con los productos adecuados y primordialmente el uso de protector solar, si se llega a presentar inconvenientes en reacciones al&eacute;rgicas sobre la piel no dude en consultar con su dermat&oacute;logo.</p> <p>&nbsp;</p>', 'https://enfermeriabuenosaires.com/wp-content/uploads/2020/10/tipos-de-piel-752x440.jpeg', '2021-09-15 20:00:58', 'conoces-tu-tipo-de-piel-aprende-cual-es-tu-tipo-y-cuidados', 1),
(13, 4, 2, 'Xiaomi Redmi 9C, características, ficha técnica y precio', '<h2><strong>Ficha t&eacute;cnica</strong></h2> <h4>Sistema</h4> <ul> <li>Sistema operativo: Android 10</li> <li>Procesador:&nbsp; 8 n&uacute;celos, MediaTek Helio G35 Cortex-A53 a 2.3 GHz</li> <li>Gr&aacute;fica: PowerVR GE8320, a 680 MHz</li> <li>Memoria RAM: 2 GB / 3GB</li> <li>Memoria interna: 32 GB / 64 GB ampliable hasta 256 GB con microSD</li> <li>Sim: DualSim o doble SimCard</li> </ul> <h4>Pantalla</h4> <ul> <li>Pantalla IPS de 6.5 pulgadas</li> <li>HD+</li> <li>Resoluci&oacute;n: 720 x 1600 p&iacute;xeles</li> <li>Densidad: 269 ppi</li> </ul> <h4>C&aacute;mara</h4> <ul> <li>Frontal: 5 MP</li> <li>Trasera: Triple de 13 MP con enfoque macro de 2 MP y sensor de profundidad de 2 MP</li> <li>Flash: LED</li> </ul> <h4>Conectividad</h4> <ul> <li style=\"text-align: left;\">4G</li> <li style=\"text-align: left;\">Wi-fi</li> <li style=\"text-align: left;\">Bluetooth</li> <li style=\"text-align: left;\">microUSB</li> </ul> <h4>Dimensiones</h4> <ul> <li>6.5 pulgadas</li> <li>164.9 x 77 x 9 mm</li> <li>Peso: 196 g</li> </ul> <h4>Bater&iacute;a</h4> <ul> <li>5000 mAh</li> </ul> <h4>Precio</h4> <ul> <li>98 USD - 130 USD</li> </ul> <h2><strong>Dise&ntilde;o</strong></h2> <p>Es parecido al <a href=\"https://digitalbell.com.co/publicaciones/articulo/7/xiaomi-redmi-9a-caracteristicas-ficha-tecnica-y-precio\">Redmi 9A</a> solo que est&eacute; s&iacute; cuenta con lector de huellas, su cuerpo de pl&aacute;stico posee un dise&ntilde;o texturizado, su tama&ntilde;o es un poco m&aacute;s grande con las dimensiones de 164.9mm x 77 mm x 9mm y su peso de 196gr.</p> <p>Se encuentra disponible en color azul, gris y naranja.</p> <h2><strong>Pantalla</strong></h2> <p>Pantalla HD+ con tecnolog&iacute;a IPS, tama&ntilde;o de 6.5\" con resoluci&oacute;n&nbsp; de 720 x 1600 p&iacute;xeles y sigue con la misma densidad de p&iacute;xeles del <a href=\"https://digitalbell.com.co/publicaciones/articulo/7/xiaomi-redmi-9a-caracteristicas-ficha-tecnica-y-precio\">Redmi 9A</a> de 269ppi</p> <h2><strong>Rendimiento</strong></h2> <p>Su rendimiento est&aacute; dise&ntilde;ado para ofrecer una mayor potencia mediante un procesador de 8 n&uacute;cleos MediaTek Helio G35 a una velocidad de 2.3Ghz para que puedas navegar por el dispositivo sin problemas y su gr&aacute;fica GE8320 para tener una mejor experiencia en videojuegos.</p> <p>Cuenta con memoria RAM de 2 GB/3 GB y un almacenamiento interno de 32 GB / 64 GB ampliable hasta 256 GB.</p> <h2><strong>C&aacute;maras</strong></h2> <p>Viene con c&aacute;mara triple con inteligencia artificial tomar cualquier tipo de fotos con su c&aacute;mara principal de 13MP, sensor macro de 2 MP y su sensor de profundidad de 2 MP para atrapar los mejores detalles en las fotograf&iacute;as.</p>', 'https://digitalbell.com.co/Assets/images/uploads/img_ab8969ebe8245724920225badfeefb27.jpg', '2021-09-16 17:34:33', 'xiaomi-redmi-9c-caracteristicas-ficha-tecnica-y-precio', 1),
(15, 4, 2, 'Xiaomi Redmi 9, características, ficha técnica y precio', '<h2><strong>Ficha t&eacute;cnica</strong></h2> <h4>Sistema</h4> <ul> <li>Sistema operativo: MIUI 12 (Android 10)</li> <li>Procesador: 8 n&uacute;cleos, MediaTek Helio G80 Cortex-A75 a 2.00 GHz</li> <li>Gr&aacute;fica: ARM Mali-G52 2EEMC2, a 950 Mhz</li> <li>Memoria RAM: 4 GB</li> <li>Memoria interna: 64 GB ampliable mediante SD hasta 256 GB</li> <li>Sim: DualSim o doble SimCard</li> </ul> <h4>Pantalla</h4> <ul> <li>Pantalla IPS de 6.53 pulgadas</li> <li>Definici&oacute;n Full HD+</li> <li>Resoluci&oacute;n:</li> <li>1080 x 2340 p&iacute;xeles</li> <li>Densidad: 394 ppi</li> </ul> <h4>C&aacute;mara</h4> <ul> <li>Frontal: 8 MP</li> <li>Trasera: Cuadruple de 13 MP, ultra angular de 8MP, lente macro de 5MP y sensor de profundidad de 2MP</li> <li>Flash: LED</li> </ul> <h4>Conectividad</h4> <ul> <li style=\"text-align: left;\">4G</li> <li style=\"text-align: left;\">Wi-fi</li> <li style=\"text-align: left;\">Bluetooth</li> </ul> <h4>Dimensiones</h4> <ul> <li>6.53 pulgadas</li> <li>163.32 x 77.01 x 9.1 mm</li> <li>Peso: 198 g</li> </ul> <h4>Bater&iacute;a</h4> <ul> <li>5020 mAh</li> </ul> <h4>Precio</h4> <ul> <li>138 USD - 143 USD</li> </ul> <h2><strong>Dise&ntilde;o</strong></h2> <p>Tiene un dise&ntilde;o bastante llamativo con texturizado para evitar las marcas de las huellas dactilares, tiene un tama&ntilde;o de 163.32 x 77.01 x 9.1 mm, peso de 198gr, lector de huellas y m&oacute;dulo para c&aacute;mara principal en la parte trasera.</p> <p>El equipo viene en tres colores: Negro, Verde y Violeta.</p> <h2><strong>Pantalla</strong></h2> <p>Tiene una pantalla full HD+ de 6.53\" con resoluci&oacute;n de 1080 x 2340, resistente a los rayones y golpes. Adem&aacute;s de su calidad de im&aacute;gen que ofrece gracias a su densidad de 394ppi.</p> <h2><strong>Rendimiento</strong></h2> <p>Consta de un procesador de 8 n&uacute;cleos MediaTek Helio G80 a 2 Ghz, permitiendo mover cualquier videojuego a una gran calidad junto con su GPU a 950 Mhz</p> <p>Su memoria RAM es de 4GB y una capacidad de almacenamiento interno de 64GB expandible hasta 256 GB.&nbsp;</p> <h2><strong>C&aacute;maras</strong></h2> <p>Cuenta con una c&aacute;mara cuadruple de 13MP, sensor ultra angular de 118&deg; que permite ser utilizado en cualquier tipo de fotograf&iacute;as, junto a su lente macro y un sensor de profundidad para tomar fotograf&iacute;as de retratos.</p> <p>Y por supuesto cuenta con c&aacute;mara frontal de 8MP ofreciendo calidad en las fotograf&iacute;as para tus selfies.</p>', 'img_fd8e3ed0a97f95319d8ba4e25de286fd.jpg', '2021-09-17 22:36:23', 'xiaomi-redmi-9-caracteristicas-ficha-tecnica-y-precio', 1),
(16, 4, 2, 'Xiaomi Poco M3, características, ficha técnica y precio', '<h2><strong>Ficha t&eacute;cnica</strong></h2> <h4>Sistema</h4> <ul> <li>Sistema operativo: MIUI 12 (Android 10)</li> <li>Procesador: 8 n&uacute;cleos, Qualcomm Snapdragon 662 a 2.00 GHz</li> <li>Gr&aacute;fica: Qualcomm Adreno 610, a 950 Mhz</li> <li>Memoria RAM: 4 GB</li> <li>Memoria interna: 64 GB ampliable mediante SD hasta 512 GB</li> <li>Sim: DualSim o doble SimCard</li> </ul> <h4>Pantalla</h4> <ul> <li>Pantalla IPS de 6.53 pulgadas</li> <li>Definici&oacute;n Full HD+</li> <li>Resoluci&oacute;n:</li> <li>1080 x 2340 p&iacute;xeles</li> <li>Densidad: 395 ppi</li> </ul> <h4>C&aacute;mara</h4> <ul> <li>Frontal: 8 MP</li> <li>Trasera: Triple de 48 MP,&nbsp; lente macro de 2 MP y sensor de profundidad de 2 MP</li> <li>Flash: LED</li> </ul> <h4>Conectividad</h4> <ul> <li style=\"text-align: left;\">4G</li> <li style=\"text-align: left;\">Wi-fi</li> <li style=\"text-align: left;\">Bluetooth</li> <li style=\"text-align: left;\">USB tipo C</li> </ul> <h4>Dimensiones</h4> <ul> <li>6.53 pulgadas</li> <li>162.3 x 77.3 x 9.6 mm</li> <li>Peso: 198 g</li> </ul> <h4>Bater&iacute;a</h4> <ul> <li>6000 mAh</li> <li>Carga r&aacute;pida 18W</li> </ul> <h4>Precio</h4> <ul> <li>164 USD - 190 USD</li> </ul> <h2><strong>Dise&ntilde;o</strong></h2> <p>Un tel&eacute;fono de gama media con un m&oacute;dulo de tres c&aacute;maras de forma rect&aacute;ngular y su c&aacute;mara frontal con un notch de tipo gota, dise&ntilde;o texturizado anti-huellas, tiene un tama&ntilde;o de 162.3 x 77.3 x 9.6 mm, peso de 198gr y lector de huellas en el bot&oacute;n de encendido.&nbsp;</p> <p>El equipo viene en tres colores: Azul, Amarillo y Negro.</p> <h2><strong>Pantalla</strong></h2> <p>Tiene una pantalla full HD+ de 6.53\" con resoluci&oacute;n de 1080 x 2340 proyectando una calidad de im&aacute;gen fant&aacute;stica para navegar c&oacute;modamente en el sistema con una densidad de p&iacute;xeles de 395 ppi</p> <h2><strong>Rendimiento</strong></h2> <p>Tiene un procesador Snapdragon 662 de 8 n&uacute;cleos que alcanzan la velocidad de 2.0 Ghz y su GPU de 950 Mhz para un rendimiento fluido en la navegaci&oacute;n del sistema y videojuegos</p> <p>Su memoria RAM es de 4GB y una capacidad de almacenamiento interno de 64GB expandible hasta 512 GB.&nbsp;</p> <h2><strong>C&aacute;maras</strong></h2> <p>Su c&aacute;mara triple de 48 MP permite la nitidez en tus fotograf&iacute;as manteniendo su calidad incluso cuando aplicas el zoom, su sensor macro de 2 MP y de profundidad de 2 MP para fotos en retrato.</p>', 'https://digitalbell.com.co/Assets/images/uploads/img_ebb1446aa6126e9a9e132525f1e110db.jpg', '2021-09-21 20:28:12', 'xiaomi-poco-m3-caracteristicas-ficha-tecnica-y-precio', 1),
(17, 2, 5, '¿Quieres hacer mascarillas faciales artesanales? acá te enseñamos como hacerlas', '<p style=\"text-align: justify;\">Muchas veces queremos usar productos para el cuidado facial especialmente mascarillas, que encontramos f&aacute;cilmente en el mercado. Las encontramos en todas sus facetas en mascarillas de velo o para aplicar en forma cremosa, adicional a esto quiero ense&ntilde;arte de una forma muy econ&oacute;mica y pr&aacute;ctica con elementos que encontramos en nuestra cocina hacer mascarillas artesanales.</p> <p style=\"text-align: justify;\">Artesanal es una forma de decir (<em>hecho a mano</em>) siguiendo t&eacute;cnicas tradicionales., en cu&aacute;l podemos usar componentes muy naturales libre de qu&iacute;micos y parabenos.</p> <h2 style=\"text-align: justify;\"><strong>Mascarilla de avena</strong></h2> <p><strong><img src=\"https://cdn.revistafama.com/uploads/media/2019/08/05/mascarilla-de-avena.jpg\" alt=\"Mascarilla de avena\" width=\"394\" height=\"267\" /></strong></p> <p style=\"text-align: justify;\">Esta mascarilla es ideal para piel grasa porque ayuda a tratar el acn&eacute;, excesos de grasa y obstrucci&oacute;n de poros en el rostro, tambi&eacute;n ayuda a pieles secas en el caso de eliminar c&eacute;lulas muertas e hidrataci&oacute;n. Pues esta ayuda con exfoliaci&oacute;n, es antiinflamatoria y antioxidante.</p> <h3 style=\"text-align: justify;\"><strong>&nbsp;&iquest;C&oacute;mo prepararla?</strong></h3> <p style=\"text-align: justify;\">Vamos a necesitar&nbsp; los siguientes ingredientes.</p> <p style=\"text-align: justify;\">&nbsp;</p> <ul style=\"text-align: justify;\"> <li>Avena ( <em>molida o en hojuelas</em>)</li> <li>Leche o yogurt ( <em>se pueden ambas</em>)</li> <li>Miel de abejas</li> </ul> <p style=\"text-align: justify;\">Podemos usar entre 1 a 2 cucharadas de cada ingrediente, todo lo ponemos en la licuadora hasta ver que este pastosa o cremosa. Tambi&eacute;n podemos hacerlo en una taza y revolver hasta ver la misma consistencia. debe aplicarse con el rostro limpio y dejar actuar 20 minutos.</p> <p style=\"text-align: justify;\">Luego de ese tiempo retirar con abundante agua y seguir con la rutina facial habitual, su resultado una piel suave y tersa. Debe aplicarse 1 o 2 veces por semana o alternar con otra mascarilla artesanal.</p> <h2 style=\"text-align: justify;\"><strong>Mascarilla de chocolate</strong></h2> <p><strong><img src=\"https://casaluker.com/sites/default/files/2019-03/mascarilla_v2.jpg\" alt=\"Mascarilla de chocolate\" width=\"462\" height=\"259\" /></strong></p> <p style=\"text-align: justify;\">Esta deliciosa mascarilla tiene muchos beneficios, entre ellas es que el chocolate o cacao hidrata e estimula la producci&oacute;n de col&aacute;geno y elastina. Adicional elimina toxinas ayuda a reducir l&iacute;neas de expresi&oacute;n, mineraliza nuevamente la piel por su contenido en potasio, calcio y magnesio.</p> <p style=\"text-align: justify;\">Su indescriptible aroma estimula la producci&oacute;n de endorfinas el cual nos permite estar en sensaci&oacute;n de bienestar, es una mascarilla muy completa y satisfactoria.</p> <h3 style=\"text-align: justify;\"><strong>&nbsp;&iquest;C&oacute;mo prepararla?</strong></h3> <p style=\"text-align: justify;\">Vamos a necesitar&nbsp;los siguientes ingredientes.</p> <p style=\"text-align: justify;\">&nbsp;</p> <ul style=\"text-align: justify;\"> <li>Chocolate amargo o sin az&uacute;car (en<em> polvo</em>)</li> <li>Agua (tibia)</li> <li>Aceite de rosa mosqueta (<em>Opcional</em>)</li> </ul> <p style=\"text-align: justify;\">Podemos usar entre 1 a 2 cucharadas de chocolate en polvo, en el caso del aceite que es opcional 2 a 3 gotas.&nbsp; poner a calentar agua puede ser medio pocillo en una olla, cuando esta tibia podemos revolver el chocolate en polvo&nbsp;hasta tener una consistencia cremosa. Debe aplicarse con el rostro limpio aun estando tibio y dejar actuar 20 minutos.</p> <p style=\"text-align: justify;\">Luego de ese tiempo retirar con abundante agua y seguir con la rutina facial habitual, su resultado una piel hidratada y rejuvenecida. Debe aplicarse 1 o 2 veces por semana o alternar con otra mascarilla artesanal.</p> <h2 style=\"text-align: justify;\"><strong>Mascarilla de caf&eacute;</strong></h2> <p><strong><img src=\"https://cdn2.salud180.com/sites/default/files/styles/medium/public/field/image/2021/01/mascarilla-de-cafe-para-quitar-manchas.jpg\" alt=\"Mascarilla de cafe\" width=\"443\" height=\"332\" /></strong></p> <p style=\"text-align: justify;\">Para los amantes del caf&eacute;, esta mascarilla es su aliada por su aroma y beneficios pues es un exfoliante y calmante natural ayuda a remover c&eacute;lulas muertas y calmar pieles con rojeces o acn&eacute;.</p> <h3 style=\"text-align: justify;\"><strong>&iquest;C&oacute;mo prepararla?</strong></h3> <p style=\"text-align: justify;\">Vamos a necesitar&nbsp;los siguientes ingredientes.</p> <p style=\"text-align: justify;\">&nbsp;</p> <ul style=\"text-align: justify;\"> <li>Caf&eacute; (molido)</li> <li>Agua&nbsp;(<em>tibia</em>) o miel de abejas&nbsp;</li> </ul> <p style=\"text-align: justify;\">Podemos usar entre 1 a 2 cucharadas de caf&eacute; molido, se puede revolver con agua tibia o con miel de abejas hasta tener una consistencia cremosa. Debe aplicarse con el rostro limpio&nbsp;y dejar actuar 20 minutos.</p> <p style=\"text-align: justify;\">Luego de ese tiempo retirar con abundante agua y seguir con la rutina facial habitual, su resultado una piel exfoliada y calmada. Debe aplicarse 1 o 2 veces por semana o alternar con otra mascarilla artesanal.</p> <h2 style=\"text-align: justify;\"><strong>Mascarilla de arroz</strong></h2> <p><img src=\"http://stylelovely.com/iamabeautyadicta/files/2017/09/mascarilla-arroz.jpg\" alt=\"Mascarilla de arroz\" width=\"371\" height=\"557\" /></p> <p style=\"text-align: justify;\">Este cereal que significa abundancia tiene propiedades muy &uacute;tiles sobre la piel, ayuda aclarar manchas deja la piel suave y tersa, como es un aliado en dejar la piel como porcelana es totalmente cierto, siempre y cuando se aplique con frecuencia.</p> <h3 style=\"text-align: justify;\"><strong>&iquest;C&oacute;mo prepararla?</strong></h3> <p style=\"text-align: justify;\">Vamos a necesitar&nbsp;los siguientes ingredientes.</p> <p style=\"text-align: justify;\">&nbsp;</p> <ul style=\"text-align: justify;\"> <li>Arroz (molido<em> o triturado en licuadora</em>)</li> <li>Leche o agua (<em>tibia</em>)&nbsp;</li> </ul> <p style=\"text-align: justify;\">Podemos usar entre 1 a 2 cucharadas de arroz molido o triturado en licuadora, se puede revolver con agua o leche tibia&nbsp;hasta tener una consistencia cremosa. Debe aplicarse con el rostro limpio&nbsp;y dejar actuar 20 minutos.</p> <p style=\"text-align: justify;\">Luego de ese tiempo retirar con abundante agua y seguir con la rutina facial habitual, su resultado una piel clara con efecto porcelana. Debe aplicarse 1 o 2 veces por semana o alternar con otra mascarilla artesanal.</p> <h2 style=\"text-align: justify;\"><strong>Mascarilla de miel</strong></h2> <p><strong><img src=\"https://www.esalud.com/wp-content/uploads/2017/08/mascarilla-de-miel-reducir-arrugas.jpg\" alt=\"Mascarilla de miel\" width=\"513\" height=\"181\" /></strong></p> <p style=\"text-align: justify;\">Es oro dulce, este manjar tienen muchas propiedades y beneficios para nuestra piel tanto aplic&aacute;ndola como consumi&eacute;ndola. Es antibacteriana, antiinflamatoria, hidrata, revitaliza, nutre, elimina toxina y limpia a profundidad.</p> <h3 style=\"text-align: justify;\"><strong>&iquest;C&oacute;mo prepararla?</strong></h3> <p style=\"text-align: justify;\">Vamos a necesitar&nbsp;los siguientes ingredientes.</p> <p style=\"text-align: justify;\">&nbsp;</p> <ul style=\"text-align: justify;\"> <li>Miel de abejas&nbsp;</li> <li>Banano <em>(papilla) </em>o aceite de almendras</li> </ul> <p style=\"text-align: justify;\">Podemos usar entre 1 a 2 cucharadas de miel de abejas, banano hecho en forma de papilla o 2 a 3 gotas de aceite de almendras revolver&nbsp;hasta tener una consistencia cremosa. Debe aplicarse con el rostro limpio&nbsp;y dejar actuar 20 minutos.</p> <p style=\"text-align: justify;\">Luego de ese tiempo retirar con abundante agua y seguir con la rutina facial habitual, su resultado una piel limpia, hidratada, revitalizada y suave. Debe aplicarse 1 o 2 veces por semana o alternar con otra mascarilla artesanal.</p> <p style=\"text-align: justify;\">&nbsp;</p> <p style=\"text-align: justify;\">Todas estas mascarillas artesanales cuidan mejor tu piel de una forma natural y&nbsp;econ&oacute;mica, adecuados para pieles sanas o con acn&eacute; leve., claro est&aacute; que, si tienes una afectaci&oacute;n o patolog&iacute;a en tu piel, es adecuado consultar con &eacute;l dermat&oacute;logo.</p> <p style=\"text-align: justify;\">&nbsp;</p>', 'https://encolombia.com/wp-content/uploads/2018/06/Mascarillas-Frutas-Piel.jpg.png', '2021-09-21 22:44:15', 'quieres-hacer-mascarillas-faciales-artesanales-aca-te-ensenamos-como-hacerlas', 1),
(18, 4, 2, 'pruebaa', '<p>a</p>', 'img_db3259b107d96bfc7edcab71ac069cbe.jpg', '2021-09-22 00:24:18', 'pruebaa', 0),
(19, 2, 5, 'Acné ¿Cómo tratarlo?', '<p style=\"text-align: justify;\">Esta patolog&iacute;a o trastorno de la piel afecta tanto a hombres como mujeres, especialmente en la pubertad o adolescencia. Por lo tanto debe ser tratada desde su interior con medicamentos recetados por un dermat&oacute;logo y en su exterior con productos dermoc&oacute;smeticos o naturales.&nbsp;&nbsp;</p> <p style=\"text-align: justify;\">Adicional a esto puede afectar tanto la apariencia f&iacute;sica como su estado emocional, por eso vamos&nbsp; a hablar como podemos tratarlo para que con el transcurso del tiempo desaparezca.</p> <h2 style=\"text-align: justify;\"><strong>Acn&eacute;</strong></h2> <p><img src=\"https://imagenes.20minutos.es/files/article_amp/uploads/imagenes/2020/10/06/acne.jpeg\" alt=\"Acne\" width=\"578\" height=\"325\" /></p> <p style=\"text-align: justify;\">Esto sucede cuando los fol&iacute;culos pilosos se llenan o se tapan de grasa y c&eacute;lulas muertas por lo que genera comedones (<em>puntos blancos y negros</em>), p&uacute;stulas <em>(espinillas)</em>, p&aacute;pulas <em>(granos grandes y bultosos).</em></p> <p style=\"text-align: justify;\">Llega a evolucionar desde grado I hasta grado V,&nbsp; y generar cicatrices profundas. Claro que esta que no en todas las personas evoluciona de la misma manera, es com&uacute;n en adolescentes, cuando la mujer tiene su periodo habitual mensual, el estr&eacute;s, uso de anticonceptivos, cuando consumen alg&uacute;n medicamento con efecto colateral y por el uso de algunos productos cosm&eacute;ticos nada favorecedores para la piel.</p> <h3 style=\"text-align: justify;\"><strong>&iquest;C&oacute;mo tratarlo?</strong></h3> <p><img src=\"https://estaticos.delooks.es/media/cache/706x530_thumb/uploads/images/gallery/5b0d7fd25bafe89ce73c9874/mascarillas-acne-cuadrada_0.jpg\" alt=\"Acn&eacute; 2\" width=\"468\" height=\"351\" /></p> <p>&nbsp;</p> <p style=\"text-align: justify;\">Importante no pellizcar o tratar de estirpar granos y espinillas que salen sobre el rostro, es recomendable seguir unos pasos para no maltratar la piel y buscar su mejoria y soluci&oacute;n.</p> <p style=\"text-align: justify;\">&nbsp;</p> <ul> <li style=\"text-align: justify;\">Lavar la cara 2 veces al d&iacute;a con agua en lo posible tibia y usar jab&oacute;n en gel o adecuado para el acn&eacute;.</li> <li style=\"text-align: justify;\">Evitar estar tocando el rostro, especialmente con manos sucias limpiar frecuente el auricular del celular.</li> <li style=\"text-align: justify;\">No usar maquillaje hasta su mejor&iacute;a o tratamiento.</li> <li style=\"text-align: justify;\">No usar aceites o cremas sobre la piel a no ser que sea recomendada de forma m&eacute;dica.</li> <li style=\"text-align: justify;\">No pellizcar o estirpar.</li> <li style=\"text-align: justify;\">Exfoliar el rostro 2 veces por semana.</li> <li style=\"text-align: justify;\">Realizar limpieza facial profunda una vez por semana, de preferencia con una esteticista.</li> <li style=\"text-align: justify;\">Usar mascarillas faciales c&oacute;mo lodo volc&aacute;nico, carb&oacute;n activado, papaya, avena.</li> <li style=\"text-align: justify;\">Usar protector solar en gel o spray.</li> </ul> <p>&nbsp;</p> <p style=\"text-align: justify;\">En dado caso que no muestre mejor&iacute;a en un tiempo prudencial es recomendable asistir con el dermat&oacute;logo, ya que sus tratamientos son m&aacute;s profundos como el&nbsp; consumo de medicamentos y tratamientos m&aacute;s eficaces para su eliminaci&oacute;n.</p> <p>&nbsp;</p> <p>&nbsp;</p> <p>&nbsp;</p> <p>&nbsp;</p> <p>&nbsp;</p>', 'https://ciruderm.pe/wp-content/uploads/2019/06/acne-1.jpg', '2021-09-22 20:35:20', 'acne-como-tratarlo', 1),
(20, 4, 2, 'Xiaomi Redmi Note 8 2021, características, ficha técnica y precio', '<h2><strong>Ficha t&eacute;cnica</strong></h2> <h4>Sistema</h4> <ul> <li>Sistema operativo: MIUI 12.5 (Android 11)</li> <li>Procesador: 8 n&uacute;cleos, MediaTek Helio G85 a 2.00 GHz</li> <li>Gr&aacute;fica: ARM Mali-G52 2EEMC2 con dos n&uacute;cleos a 1000 Mhz</li> <li>Memoria RAM: 4 GB</li> <li>Memoria interna: 64 GB ampliable mediante SD hasta 256 GB</li> <li>Sim: DualSim o doble SimCard</li> </ul> <h4>Pantalla</h4> <ul> <li>Pantalla LCD de 6.3 pulgadas</li> <li>Definici&oacute;n Full HD+</li> <li>Resoluci&oacute;n: 1080 x 2340 p&iacute;xeles</li> <li>Densidad: 409 ppi</li> </ul> <h4>C&aacute;mara</h4> <ul> <li>Frontal: 13 MP</li> <li>Trasera: Quadruple de 48 MP,&nbsp; ultra gran angula 8 MP, macro de 2 MP y de profundidad de 2MP</li> <li>Flash: LED</li> </ul> <h4>Conectividad</h4> <ul> <li style=\"text-align: left;\">4G</li> <li style=\"text-align: left;\">Wi-fi</li> <li style=\"text-align: left;\">Bluetooth</li> <li style=\"text-align: left;\">USB tipo C</li> </ul> <h4>Dimensiones</h4> <ul> <li>6.3 pulgadas</li> <li>158.3 x 75.3 x 8.35 mm</li> <li>Peso: 190 g</li> </ul> <h4>Bater&iacute;a</h4> <ul> <li>4000 mAh</li> <li>Carga r&aacute;pida 18W</li> </ul> <h4>Precio</h4> <ul> <li>156 USD - 182 USD</li> </ul> <h2><strong>Dise&ntilde;o</strong></h2> <p>El nuevo dise&ntilde;o del Redmi Note 8 versi&oacute;n 2021 ofrece la mejor tecnolog&iacute;a, elegancia, resistencia a golpes y salpicaduras. Cuenta con un m&oacute;dulo en la parte trasera con cuatro c&aacute;maras y lector de huella digital. Sus dimensiones son de 158.3 x 75.3 x 8.35, bastante c&oacute;modo para cargarlo y su peso ligero de 190gr.</p> <p>El equipo viene en tres colores: Azul, Negro y Blanco.</p> <h2><strong>Pantalla</strong></h2> <p>Pantalla full HD de 6.3\" con resoluci&oacute;n 1080p garantizando im&aacute;gen de calidad para que disfrutes tus series y videojuegos favoritos con una densidad de p&iacute;xeles de 409ppi.</p> <h2><strong>Rendimiento</strong></h2> <p>Un gran equipo con un gran rendimiento gracias a su procesador gaming Helio G85 con 8 n&uacute;cleos a una velocidad m&aacute;xima de 2 Ghz junto con su RAM de 4 GB aumentando la velocidad de respuesta en la navegaci&oacute;n de aplicaciones y videojuegos. Cuenta con 64 GB de memoria interna expandible hasta 256 GB</p> <h2><strong>C&aacute;maras</strong></h2> <p>C&aacute;mara c&uacute;adruple de 48 MP para capturar tus fotograf&iacute;as en alta calidad y m&aacute;ximo detalle junto con su sensor gran angular para capturar todo el escenario sin moverte del lugar, y retratos increibles con su sensor macro y de profundidad.</p>', 'https://digitalbell.com.co/Assets/images/uploads/img_4161b9190298767dcc9d031a5b113860.jpg', '2021-09-22 23:34:44', 'xiaomi-redmi-note-8-2021-caracteristicas-ficha-tecnica-y-precio', 1),
(21, 4, 2, 'Xiaomi Redmi Note 9, características, ficha técnica y precio', '<h2><strong>Ficha t&eacute;cnica</strong></h2> <h4>Sistema</h4> <ul> <li>Sistema operativo: MIUI 11 (Android 10)</li> <li>Procesador: 8 n&uacute;cleos, MediaTek Helio G85 a 2.00 GHz</li> <li>Gr&aacute;fica: ARM Mali-G52 2EEMC2 con dos n&uacute;cleos a 1000 Mhz</li> <li>Memoria RAM: 3 GB</li> <li>Memoria interna: 64 GB ampliable mediante microSD hasta 512 GB</li> <li>Sim: DualSim o doble SimCard</li> </ul> <h4>Pantalla</h4> <ul> <li>Pantalla IPS de 6.53 pulgadas</li> <li>Definici&oacute;n Full HD+</li> <li>Resoluci&oacute;n: 1080 x 2340 p&iacute;xeles</li> <li>Densidad: 395 ppi</li> </ul> <h4>C&aacute;mara</h4> <ul> <li>Frontal: 13 MP</li> <li>Trasera: Quadruple de 48 MP,&nbsp; ultra gran angular 8 MP, macro de 2 MP y de profundidad de 2MP</li> <li>Flash: LED</li> </ul> <h4>Conectividad</h4> <ul> <li style=\"text-align: left;\">4G</li> <li style=\"text-align: left;\">Wi-fi</li> <li style=\"text-align: left;\">Bluetooth</li> <li style=\"text-align: left;\">USB tipo C</li> </ul> <h4>Dimensiones</h4> <ul> <li>6.53 pulgadas</li> <li>162.3 x 77.2 x 8.9 mm</li> <li>Peso: 199 g</li> </ul> <h4>Bater&iacute;a</h4> <ul> <li>5020 mAh</li> <li>Carga r&aacute;pida 18W</li> </ul> <h4>Precio</h4> <ul> <li>160 USD - 208 USD</li> </ul> <h2><strong>Dise&ntilde;o</strong></h2> <p>Su dise&ntilde;o cuenta con c&aacute;mara perforada en la parte frontal y m&oacute;dulo en forma rect&aacute;ngular para su c&aacute;mara principal. Su fabricaci&oacute;n est&aacute; hecho en aluminio y vidrio lo que lo hace atractivo en su dise&ntilde;o. Su parte trasera est&aacute; ligeramente curvada y se incorpora con un lector de huellas debajo de la c&aacute;mara principal.</p> <p>El equipo viene en cuatro colores: blanco, gris, negro y verde.</p> <h2><strong>Pantalla</strong></h2> <p>Pantalla DOT full Screen de 6.53\" permitiendo una gran experiencia gracias a su full HD+ 1080p con su densidad de 395ppi para atrapar los mejores detalles en todo momento.&nbsp;</p> <h2><strong>Rendimiento</strong></h2> <p>Se encuentra equipado con un procesador Helio G85 a una velocidad m&aacute;xima de 2 Ghz permitiendo una mejor experiencia en tus videojuegos favoritos.</p> <p>Cuenta con memoria RAM de 3GB y memoria interna de 64 GB ampliable a 512 GB con microSD</p> <h2><strong>C&aacute;maras</strong></h2> <p>Sus 4 c&aacute;maras traseras conforman un sistema de im&aacute;gen que se adapta a cualquier escenario, su c&aacute;mara principal de 48 MP captura im&aacute;genes con detalles a una calidad maravillosa junto con su sensor gran angular para aumentar el rango de vista hasta 120&deg; de 8 MP, su sensor de profundidad de 2 MP permitiendo un desenfoque suave para resaltar el sujeto de la fotograf&iacute;a en modo retrato y su sensor macro para capturas a corta distancia de enfoque.</p>', 'https://digitalbell.com.co/Assets/images/uploads/img_bca2790edc99d1d37188252b3a6e50cd.jpg', '2021-09-23 23:43:42', 'xiaomi-redmi-note-9-caracteristicas-ficha-tecnica-y-precio', 1),
(22, 2, 5, 'Manchas o hiperpigmentaciones ¿Cómo tratarla?', '<p style=\"text-align: justify;\">Uno de los problemas m&aacute;s c&oacute;munes en la piel son las manchas, estas aparecen generalizadas o por partes son causadas por el sol, por alg&uacute;n alimento, medicamento, embarazo, anticonceptivos, consumo de tabaco entre otros factores.</p> <p style=\"text-align: justify;\">Estas pueden extenderse o volverse m&aacute;s oscuras o peque&ntilde;os puntos marrones que se pueden confundir como pecas, si no realizamos un tratamiento preventivo a tiempo., y claro est&aacute; de la mano de un dermat&oacute;logo.</p> <h2 style=\"text-align: justify;\"><strong>Manchas o Hiperpigmentaciones</strong></h2> <p><strong><img src=\"https://www.sitio.com/wp-content/uploads/2016/06/pecas9.jpg\" alt=\"Manchas \" width=\"356\" height=\"448\" /></strong></p> <p style=\"text-align: justify;\">Las manchas aparecen debido a una exposici&oacute;n alta a los rayos ultravioleta como el sol y las fuertes luces que se usan ejemplo en una oficina, tambi&eacute;n influye en la parte hormonal como el embarazo, el uso de p&iacute;ldoras anticonceptivas, el consumo de cigarrillo o tabaco, alg&uacute;n medicamento que tenga un efecto colateral y mala alimentaci&oacute;n.</p> <p style=\"text-align: justify;\">Podemos tratarlas de manera natural, con productos dermoc&oacute;smeticos sugeridos por f&oacute;rmula o ya sean bien tratados de la mano de un derm&aacute;tologo.</p> <h3><strong>&iquest;C&oacute;mo tratarlo?</strong></h3> <p><strong><img src=\"https://www.bioderma.es/sites/es/files/styles/mobile_headers/public/2020-02/woman_1920x1080.jpg?h=88a088db&amp;itok=tH11qKqU\" alt=\"Manchas 2\" width=\"450\" height=\"275\" /></strong></p> <p>&nbsp;</p> <p style=\"text-align: justify;\">Es primordial el uso de protector o pantalla solar, despu&eacute;s de tener el rostro limpio y antes del maquillaje., si estamos&nbsp; frecuentemente en el exterior estar retocando el protector o pantalla cada 4 a 6 horas, tanto en el rostro como partes descubiertas, cuello, brazos, piernas etc. Adicional otros elementos para tener una soluci&oacute;n m&aacute;s efectiva.</p> <p style=\"text-align: justify;\">&nbsp;</p> <ul> <li style=\"text-align: justify;\">Usar protector o pantalla solar, tanto si estamos en sitios exteriores como interiores.</li> <li style=\"text-align: justify;\">Mascarillas naturales a base de bicarbonato, lim&oacute;n, arcilla etc., ideal aplicaci&oacute;n en la noche.</li> <li style=\"text-align: justify;\">Cremas despigmentantes a base de vitamina C y vitamina E.</li> <li style=\"text-align: justify;\">Uso de Peeling y &aacute;cido glic&oacute;lico en manos de una esteticista.</li> <li style=\"text-align: justify;\">Uso de l&aacute;ser en manos de un derm&aacute;tologo.</li> </ul> <p style=\"text-align: justify;\">Si, estamos usando un medicamento, p&iacute;ldoras anticonceptivas u otro producto que nos este creando esta patolog&iacute;a es ideal suspenderla y solicitar un cambio al derm&aacute;tologo o especialista del tratamiento.</p> <p style=\"text-align: justify;\">&nbsp;</p>', 'https://i.pinimg.com/originals/23/55/ef/2355ef1a8c0e6aa699f38527b23fc88b.jpg', '2021-09-24 15:57:53', 'manchas-o-hiperpigmentaciones-como-tratarla', 1),
(23, 2, 5, 'Rosácea ¿Cómo tratarla?', '<p style=\"text-align: justify;\">Esta afectaci&oacute;n es usual en personas de pieles muy delicadas provoca una piel rojiza con peque&ntilde;as protuberancias que no es acn&eacute;, resequedad y peque&ntilde;os vasos sangu&iacute;neos visibles, aparece en generalmente en las mejillas.</p> <h2 style=\"text-align: justify;\"><strong>Ros&aacute;cea</strong></h2> <p><strong><img src=\"https://static1.mujerhoy.com/www/multimedia/201910/31/media/cortadas/rosacea-tratamiento-maquillaje-cuidados-k13H-U90549953419f9D-624x468@MujerHoy.jpg\" alt=\"Ros&aacute;cea\" width=\"422\" height=\"316\" /></strong></p> <p>&nbsp;</p> <p style=\"text-align: justify;\">Es visible tanto en mujeres como hombres, entre mejilas y nariz o aveces generalizada en el rostro. Seg&uacute;n en el &aacute;rea de dermatolog&iacute;a es una bacteria que se desarrolla en el tracto digestivo y provoca esta degradaci&oacute;n e inflamaci&oacute;n en el rostro. a&uacute;n no esta comprobado pero es de mucho cuidado ya que&nbsp; empeora por cambios bruscos de temperatura como fr&iacute;o y calor, alimentos picantes, y claro esta en el sol empeora.</p> <p style=\"text-align: justify;\">&nbsp;</p> <h3 style=\"text-align: justify;\"><strong>&iquest;C&oacute;mo tratarla?</strong></h3> <p><strong><img src=\"https://www.redaccionmedica.com/images/destacados/descubierta-una-relacion-entre-el-consumo-de-cafe-y-la-rosacea-1094.jpg\" alt=\"Ros&aacute;cea 2\" width=\"556\" height=\"330\" /></strong></p> <p>&nbsp;</p> <p style=\"text-align: justify;\">El cuidado de esta piel es muy especial, pues es demasiado sensible., generalmente las mujeres la cumbren con una capa gruesa de base de maquillaje para que no se note, pero en si puede estar empeorando esta patolog&iacute;a. debemos cuidarla aplicando los medicamentos y cuidados adecuados para que esta no empeore.</p> <p style=\"text-align: justify;\">&nbsp;</p> <ul> <li style=\"text-align: justify;\">Usar protector solar frecuente de alto cubrimiento y durabilidad.</li> <li style=\"text-align: justify;\">Realizar Fototerapia este trata inflamaciones y trastornos cut&aacute;neos.&nbsp;</li> <li style=\"text-align: justify;\">Cremas hidratante, o productos de mucha emoliencia.</li> <li style=\"text-align: justify;\">El uso de l&aacute;ser en manos de un derm&aacute;tologo.</li> <li style=\"text-align: justify;\">Mascarillas naturales c&oacute;mo aloe vera (<em>s&aacute;bila</em>) y cal&eacute;ndula por ser refrescantes y calmantes.</li> <li style=\"text-align: justify;\">Antibioticos para consumir y t&oacute;picos en manos de un especialista.</li> <li style=\"text-align: justify;\">S&oacute;lo puede usar maquillaje a base de componentes naturales y con correctores verdes para poder cubrir la rojez.</li> </ul> <p>&nbsp;</p> <p style=\"text-align: justify;\">Este trastorno cut&aacute;neo puede durar a&ntilde;os o toda la vida, pero si le damos un buen tratamiento y cuidado personal puede mejorar con el tiempo., y claro esta en manos de especialistas del cuidado de la piel.</p> <p style=\"text-align: justify;\">&nbsp;</p>', 'https://cannabismd.com/wp-content/uploads/2019/09/how-cbd-cream-help-rosacea.jpg', '2021-09-24 16:24:29', 'rosacea-como-tratarla', 1),
(24, 4, 2, 'Xiaomi Redmi Note 9S, características, ficha técnica y precio', '<h2><strong>Ficha t&eacute;cnica</strong></h2> <h4>Sistema</h4> <ul> <li>Sistema operativo: MIUI 11 (Android 10)</li> <li>Procesador: 8 n&uacute;cleos, Qualcomm Snapdragon 720G a 2.3 GHz</li> <li>Gr&aacute;fica: Qualcomm Adreno 618, a 750 MHz</li> <li>Memoria RAM: 4 GB</li> <li>Memoria interna: 64 GB ampliable mediante microSD hasta 512 GB</li> <li>Sim: DualSim o doble SimCard</li> </ul> <h4>Pantalla</h4> <ul> <li>Pantalla Dot Drop de 6.67 pulgadas</li> <li>Definici&oacute;n Full HD+</li> <li>Resoluci&oacute;n: 1080 x 2400 p&iacute;xeles</li> <li>Densidad: 395 ppi</li> </ul> <h4>C&aacute;mara</h4> <ul> <li>Frontal: 16 MP</li> <li>Trasera: Quadruple de 48 MP,&nbsp; ultra gran angular 8 MP, macro de 5 MP y de profundidad de 2MP</li> <li>Flash: LED</li> </ul> <h4>Conectividad</h4> <ul> <li style=\"text-align: left;\">4G</li> <li style=\"text-align: left;\">Wi-fi</li> <li style=\"text-align: left;\">Bluetooth</li> <li style=\"text-align: left;\">USB tipo C</li> </ul> <h4>Dimensiones</h4> <ul> <li>6.67 pulgadas</li> <li>165.75 x 76.68 x 8.8 mm</li> <li>Peso: 209 g</li> </ul> <h4>Bater&iacute;a</h4> <ul> <li>5020 mAh</li> <li>Carga r&aacute;pida 18W</li> </ul> <h4>Precio</h4> <ul> <li>145 USD - 318 USD</li> </ul> <h2><strong>Dise&ntilde;o</strong></h2> <p>Es uno de los equipos m&aacute;s vendidos de xiaomi, cuenta con un cristal reforzado que lo envuelve por delante y por detr&aacute;s garantizando una mayor duraci&oacute;n del equipo protegiendolo de golpes bruscos y caidas. cuenta con 4 c&aacute;maras en la parte trasera en un m&oacute;dulo de forma rectangular y su lector de huellas en la parte lateral.</p> <p>El equipo viene en tres colores: blanco, negro y verde.</p> <h2><strong>Pantalla</strong></h2> <p>Pantalla Dot Drop de 6.67 pulgadas que ajusta su brillo autom&aacute;ticamente de acuerdo a los rayos del sol, brindando una mejor experiencia y colorida en los interiores y exteriores. Cuenta con resoluci&oacute;n Full HD 1080p con una densidad de p&iacute;xeles de 395ppi&nbsp;</p> <h2><strong>Rendimiento</strong></h2> <p>El snapdragon 720G te ofrece una potente experiencia gaming capaz de alcanzar los 2.3 GHz de frecuencia sumando su gr&aacute;fica Adreno 618 a 750 MHz.</p> <p>Cuenta con memoria RAM de 4GB y memoria interna de 64 GB ampliable a 512 GB con microSD</p> <h2><strong>C&aacute;maras</strong></h2> <p>La combinaci&oacute;n de las cuatro c&aacute;maras te permiten capturar cada detalle a una excelente calidad gracias a su c&aacute;mara principal de 48 MP, su c&aacute;mara gran angular de 8 MP para capturar m&aacute;s espacio en la fotograf&iacute;a, sensor macro de 5 MP para fotograf&iacute;as a corta distancia y su sensor de profundidad para espectaculares retratos.</p> <p>No olvidemos su c&aacute;mara frontal de 16 MP para que te tomes las mejores selfies a una gran calidad de im&aacute;gen.</p>', 'https://digitalbell.com.co/Assets/images/uploads/img_5a17bfbec61cde935f48e87d676780b4.jpg', '2021-09-25 16:22:25', 'xiaomi-redmi-note-9s-caracteristicas-ficha-tecnica-y-precio', 1),
(25, 2, 5, 'Piel de porcelana ¿Cómo tener la piel así?', '<p style=\"text-align: justify;\">Porcelana, su nombre es porque es una piel sin imperfecciones, sin manchas con tono uniforme y iluminada es ideal encontrarlas en las mujeres japonesas y coreanas pues tiene un estricto cuidado facial.</p> <p style=\"text-align: justify;\">A diferencia de las mujeres cauc&aacute;sicas, las orientales se protegen mucho del sol y el uso del arroz en todas sus formas. Adicional usan aproximadamente 10 pasos de rutina facial diaria y su constancia hace que esta piel sea la envidia en el occidente.</p> <p style=\"text-align: justify;\">&nbsp;</p> <h2 style=\"text-align: justify;\"><strong>Ingredientes y productos</strong></h2> <p><strong><img src=\"https://www.okchicas.com/wp-content/uploads/2018/09/mascarillas.jpg\" alt=\"Ingredientes y productos\" width=\"582\" height=\"304\" /></strong></p> <p>&nbsp;</p> <p style=\"text-align: justify;\">Un producto o ingrediente esencial es el arroz en todas sus formas, como exfoliante, t&oacute;nico, mascarilla etc., pues tiene un sin fin de propiedades c&oacute;mo el inositol esta sustancia evita que salga arrugas o l&iacute;neas de expresi&oacute;n, el &aacute;cido linoelico hace hidratar la piel y la produci&oacute;n de col&aacute;geno&nbsp; es rico en vitamina B que da regeneraci&oacute;n en la piel y suavidad, tambi&eacute;n contiene &aacute;cido p&iacute;tico que permite exfoliar la piel naturalmente.</p> <p style=\"text-align: justify;\">La alimentaci&oacute;n tambi&eacute;n es fundamental claro esta el arroz, t&eacute; verde o negro, verduras y priorizan su cuidado facial m&aacute;s no el maquillaje., si no tienes tiempo para preparar alguna mascarilla facial casera en tu casa a base de arroz, tambi&eacute;n puedes conseguir productos en el mercado a base de arroz acompa&ntilde;ado con otros ingredientes.</p> <p style=\"text-align: justify;\"><em>Te dejo una sencilla mascarilla de arroz para hacerla en casa:</em></p> <p style=\"text-align: justify;\">&nbsp;</p> <ul> <li style=\"text-align: justify;\"><em>Debes coger un pu&ntilde;ado de arroz y triturarlo en la licuadora hasta volverlo polvo</em></li> <li style=\"text-align: justify;\"><em>Usar agua tibia, leche o yogurth para hacer la mezcla con el arroz en polvo</em></li> <li style=\"text-align: justify;\"><em>Puedes usar una ampolleta o gotas de serum de preferencia</em></li> <li style=\"text-align: justify;\"><em>Aplicar sobre el rostro limpio y dejar actuar durante 20 minutos</em></li> <li style=\"text-align: justify;\"><em>Retirar con agua tibia o al clima, usar 2 veces por semana.</em></li> </ul> <p style=\"text-align: justify;\">&nbsp;</p> <h3 style=\"text-align: justify;\"><strong>Los 10 pasos de rutina facial para tener piel de porcelana</strong></h3> <p><strong><img src=\"http://www.skinfinity.es/upload/stblog/1/30/83/3083large.jpg\" alt=\"10 pasos de rutina facial\" width=\"591\" height=\"306\" /></strong></p> <p style=\"text-align: justify;\">&nbsp;</p> <h3 style=\"text-align: justify;\"><strong>Paso #1 desmaquillar</strong></h3> <p style=\"text-align: justify;\">Es muy importante es retirar el maquillaje, se debe usar un limpiador de acuerdo a tu tipo de piel puede ser leche limpiadora, acuoso o aceite.</p> <h3 style=\"text-align: justify;\"><strong>Paso #2 limpiar</strong></h3> <p style=\"text-align: justify;\">Lavar bien nuestro rostro con un jab&oacute;n con PH neutro especialmente para el rostro o jab&oacute;n en espuma, l&iacute;quido o en gel., debemos hacerlo 2 veces para retirar bien impurezas y residuos que hayan quedado despu&eacute;s de habernos desmaquillado.</p> <h3 style=\"text-align: justify;\"><strong>Paso #3 exfoliar</strong></h3> <p style=\"text-align: justify;\">La exfoliaci&oacute;n, esto nos permite retirar c&eacute;lulas muertas y impurezas del d&iacute;a, debe ser suaves masajes y retirar con abundante agua. Podemos hacerlo con gran&uacute;los de caf&eacute; o az&uacute;car.</p> <h3 style=\"text-align: justify;\"><strong>Paso #4 t&oacute;nico</strong></h3> <p style=\"text-align: justify;\">El t&oacute;nico es ideal para euilibrar el PH de la piel, este hidrata y permite preparar la piel para el siguiente producto., puede usar t&oacute;nico de rosas, cal&eacute;ndula, pepino, etc.</p> <h3 style=\"text-align: justify;\"><strong>Paso #5 esencia</strong></h3> <p style=\"text-align: justify;\">La esencia es un producto c&oacute;smetico coreano, podemos conseguirlo en tiendas de belleza es de textura ligera a base de agua, ayuda a reafirmar la piel. Da luminosidad y renovaci&oacute;n c&eacute;lular.</p> <h3 style=\"text-align: justify;\"><strong>Paso #6 serum o ampollas</strong></h3> <p style=\"text-align: justify;\">Podemos usar un serum o ampolla, este es de textura m&aacute;s densa con ingredientes activos especialmente para tratar manchas, arrugas o l&iacute;neas de expresi&oacute;n, da luminosidad y regeneraci&oacute;n.</p> <h3 style=\"text-align: justify;\"><strong>Paso #7 mascarilla</strong></h3> <p style=\"text-align: justify;\">Es un elemento indispensable en esta rutina facial, puedes usarla en velo, en crema o en su efecto hacerlas artesanalmente en casa, en este caso como buscamos piel de porcelana preferiblemente de arroz.</p> <h3 style=\"text-align: justify;\"><strong>Paso #8 contorno de ojos</strong></h3> <p style=\"text-align: justify;\">Debemos usar constorno de ojos podemos encontrarlo en crema, gel o parches para esa &aacute;rea es ideal para tratar bolsas, ojeras ideal palicarlo en la noche.</p> <h3 style=\"text-align: justify;\"><strong>Paso #9 Crema facial</strong></h3> <p style=\"text-align: justify;\">Puede ser hidratante o nutritiva con este paso sellamos, la rutina es ideal aplicarla en el d&iacute;a y en la noche con suaves masajes ascendentes.</p> <h3 style=\"text-align: justify;\"><strong>Paso #10 protector facial</strong></h3> <p style=\"text-align: justify;\">Por &uacute;ltimo aplicamos protector solar para proteger de los rayos solares y luces del interior, debemos tener este h&aacute;bito de forma frecuente aplicando cada 6 horas y m&aacute;s cuando estamos en sitios exteriores.</p> <p>&nbsp;</p> <p style=\"text-align: justify;\">Es importante tener este h&aacute;bito de belleza y claro est&aacute; ayudarnos con la alimentaci&oacute;n con el uso frecuente obtendremos un r&aacute;pido resultado y poder disfrutar de una piel de porcelana.</p> <p>&nbsp;</p> <h3 style=\"text-align: justify;\">&nbsp;</h3> <p style=\"text-align: justify;\">&nbsp;</p> <p style=\"text-align: justify;\">&nbsp;</p>', 'https://miin-cosmetics.com/blog/wp-content/uploads/1024x680-chung-ha-1024x680.jpg', '2021-09-27 18:10:50', 'piel-de-porcelana-como-tener-la-piel-asi', 1);
INSERT INTO `post` (`idpost`, `person_id`, `topics_id`, `title`, `description`, `image`, `datecreated`, `route`, `status`) VALUES
(26, 4, 2, 'Xiaomi Redmi Note 9T, características, ficha técnica y precio', '<h2><strong>Ficha t&eacute;cnica</strong></h2> <h4>Sistema</h4> <ul> <li>Sistema operativo: MIUI 12 (Android 10)</li> <li>Procesador: 8 n&uacute;cleos, MediaTek Dimensity 800U a 2.40 GHz</li> <li>Gr&aacute;fica: ARM Mali-G57 MC3 de 3 n&uacute;cleos</li> <li>Memoria RAM: 4 GB</li> <li>Memoria interna: 64 GB&nbsp;</li> <li>Sim: DualSim o doble SimCard</li> </ul> <h4>Pantalla</h4> <ul> <li>Pantalla Dot de 6.53 pulgadas</li> <li>Definici&oacute;n Full HD+</li> <li>Resoluci&oacute;n: 1080 x 2340 p&iacute;xeles</li> <li>Densidad: 395 ppi</li> </ul> <h4>C&aacute;mara</h4> <ul> <li>Frontal: 13 MP</li> <li>Trasera: triple de 48 MP, macro de 2 MP y de profundidad de 2MP</li> <li>Flash: LED</li> </ul> <h4>Conectividad</h4> <ul> <li>5G</li> <li>Wi-fi</li> <li>Bluetooth</li> <li>USB tipo C</li> </ul> <h4>Dimensiones</h4> <ul> <li>6.53 pulgadas</li> <li>161.96 x 77.25 x 9.05 mm</li> <li>Peso: 199 g</li> </ul> <h4>Bater&iacute;a</h4> <ul> <li>5000 mAh</li> <li>Carga r&aacute;pida 18W</li> </ul> <h4>Precio</h4> <ul> <li>198 USD - 250 USD</li> </ul> <h2><strong>Dise&ntilde;o</strong></h2> <p>Presenta varias mejoras en su dise&ntilde;o, como su sensor de huellas en el bot&oacute;n de encendido para desbloquear tu tel&eacute;fono de manera m&aacute;s c&oacute;moda y r&aacute;pida. Su parte trasera texturizada est&aacute; hecha para evitar las marcas de huellas, forma erg&oacute;nomica curva para facilitar el agarre y su m&oacute;dulo circular para las c&aacute;maras traseras.</p> <p>El equipo viene en dos colores: morado y negro.</p> <h2><strong>Pantalla</strong></h2> <p>Pantalla DotDisplay de 6.53\" equipada con cristal resistente a rayones y golpes Corning gorilla glass 5 con una resoluci&oacute;n 1080p full HD+&nbsp;</p> <h2><strong>Rendimiento</strong></h2> <p>La increible potencia equipada en el m&oacute;vil permite ejecutar tareas a una velocidad m&aacute;xima de 2.4 GHz, adem&aacute;s de su capacidad para soportar la conexi&oacute;n a redes 5G, para navegar, compartir y descargar a m&aacute;xima velocidad.</p> <p>Cuenta con memoria RAM de 4GB y memoria interna de 64 GB.</p> <h2><strong>C&aacute;maras</strong></h2> <p>Sistema de c&aacute;maras conformado por tres sensores con su sensor principal gran angular de 48 MP para atrapar los detalles con alta nitidez y resoluci&oacute;n. Tambi&eacute;n, nos encontramos con su sensor macro de 2MP para capturar fotograf&iacute;as a corta distancia y su sensor de profundidad de 2 MP para retratos increibles.</p> <p>Y por supuesto, su c&aacute;mara frontal de 13 MP con inteligencia artificial para crear el efecto bokeh en tus selfies.</p>', 'https://digitalbell.com.co/Assets/images/uploads/img_cd77f764b8473a0856e6073e07749e2d.jpg', '2021-09-27 22:22:17', 'xiaomi-redmi-note-9t-caracteristicas-ficha-tecnica-y-precio', 1),
(27, 2, 5, 'Lodoterapia, conoce sus beneficios', '<p style=\"text-align: justify;\">Lodoterapia o fangoterapia es una t&eacute;cnica cosm&eacute;tica a base de lodos arcillosos con multiples beneficios para la salud, entre ellas es refrescante, hidratante, antiinflamatoria, y&nbsp; cicatrizante.</p> <p style=\"text-align: justify;\">&nbsp;</p> <h2 style=\"text-align: justify;\"><strong>&iquest;C&oacute;mo usarla?</strong></h2> <p><strong><img src=\"https://aquazenspa.com/wp-content/uploads/2018/11/masaje-algas.jpg\" alt=\"Lodoterapia\" width=\"574\" height=\"244\" /></strong></p> <p>&nbsp;</p> <p>Esta t&eacute;cnica o terapia de spa podemos usarla en nuestra piel tanto facial como corporal, es ideal para pieles grasas o mixtas.</p> <h3><strong>Facial</strong></h3> <p><strong><img src=\"https://lh3.googleusercontent.com/proxy/9Lr95ME4GAq-FrrsVJrKtxmtLL4oL3J6G6ZBrrJagJDQRA8IR_Zvn4f3ItB8S8szp4z03nhW14TFnXa1q2SY1JB9r51Yp21T8qNE-AZj9hYSSd9KJh9XDqF7NvATfg\" alt=\"Facial\" width=\"357\" height=\"357\" /></strong></p> <p>&nbsp;</p> <ul> <li>Minimiza poros</li> <li>Da luminosidad</li> <li>Cicatrizante causados por acn&eacute;</li> <li>Hidrata</li> <li>Restaura</li> <li>Aclarante de manchas</li> </ul> <p>&nbsp;</p> <h3><strong>Corporal</strong></h3> <p><strong><img src=\"https://medicinanatural-alternativa.com/wp-content/uploads/2016/04/fangoterapia.jpg\" alt=\"Corporal\" width=\"600\" height=\"239\" /></strong></p> <p>&nbsp;</p> <ul> <li>Tratamiento de artritis</li> <li>V&aacute;rices</li> <li>Psoriasis</li> <li>Alergias</li> <li>Alivio muscular</li> <li>Resequedad</li> <li>Quemaduras de sol</li> </ul> <p>&nbsp;</p> <p style=\"text-align: justify;\">Esta terapia con grandes y varios beneficios puedes solicitarla en un spa de preferencia o en la comodidad de tu hogar., los productos son f&aacute;ciles de obtener. Puedes hacerla artesanalmente ir a una farmacia o plaza de mercado y comprar arcilla blanca o verde depende donde la uses si en tu rostro o cuerpo usas la cantidad necesaria y revuelves con agua tibia puedes implementar un aceite de tu gusto puede ser de almendras y aplicar durante 20 minutos, despu&eacute;s puedes ducharte con agua tibia de preferencia., notar&aacute;s un alivio y cambio inmediato en tu piel.</p> <p style=\"text-align: justify;\">&nbsp;</p> <p style=\"text-align: justify;\"><img src=\"https://www.murciaturistica.es/webs/murciaturistica/fotos/1/monumentos/recurso-1-5116-1p_g.jpg\" alt=\"Lodo\" width=\"570\" height=\"187\" /></p> <p style=\"text-align: justify;\">&nbsp;</p> <p style=\"text-align: justify;\">Esta terapia tambi&eacute;n la puedes disfrutar al natural desde la arcilla proveniente del suelo se encuentran mas que todo en sitios donde ofrecen termales, en en pueblos cercanos a la ciudad.</p> <p style=\"text-align: justify;\">Disfrutar de esta terapia te traer&aacute; muchos beneficios en cuanto a salud de la piel y f&iacute;sica,&nbsp; Pruebala y ver&aacute;s los resultados tan gratificantes.</p> <p>&nbsp;</p>', 'https://alkymiaspa.com/wp-content/uploads/2019/09/tratamiento-corporal-talasoterapia.jpg', '2021-09-28 18:35:44', 'lodoterapia-conoce-sus-beneficios', 1),
(28, 2, 5, 'Chocolaterapia, conoce sus beneficios', '<p style=\"text-align: justify;\">Esta t&eacute;cnica o terapia de spa a base de chocolate, despierta todos los sentidos pues libera, estimula, tonifica, regenera y un sin fin de beneficios el chocolate tiene minerales y oligoelementos c&oacute;mo el calcio, magnesio, vitaminas A y E. Adicional estimula la producci&oacute;n de endorfinas que estimula los sentidos dando placer y bienestar.</p> <p style=\"text-align: justify;\">&nbsp;</p> <h2 style=\"text-align: justify;\"><strong>&iquest;C&oacute;mo usarla?</strong></h2> <p><strong><img src=\"https://spaciosaludable.com.co/wp-content/uploads/2020/11/SPA-EN-CALI-CHOCOLATERAPIA-EN-CALI-SPACIO-SALUDABLE-EN-CALI.jpeg\" alt=\"Chocolaterapia\" width=\"524\" height=\"314\" /></strong></p> <p style=\"text-align: justify;\">&nbsp;</p> <p style=\"text-align: justify;\">El chocolate despierta y estimula nuestros sentidos tanto consumirlo como usarlo en un manjar para el paladar y se puede usar de muchas formas para nuestro beneficio y salud. Podemos usarlo tanto en nuestro rostro como en nuestro cuerpo.</p> <p style=\"text-align: justify;\">&nbsp;</p> <p style=\"text-align: justify;\"><img src=\"http://grupoestetico.com/wp-content/uploads/2018/02/chocolate-chocolaterapia.jpg\" alt=\"Chocolate 2\" width=\"478\" height=\"317\" /></p> <p style=\"text-align: justify;\">&nbsp;</p> <ul> <li style=\"text-align: justify;\">Libera tensi&oacute;n</li> <li style=\"text-align: justify;\">Cansancio</li> <li style=\"text-align: justify;\">Disminuye celulitis</li> <li style=\"text-align: justify;\">Nutritiva</li> <li style=\"text-align: justify;\">Hidrata</li> <li style=\"text-align: justify;\">Tonifica</li> <li style=\"text-align: justify;\">Regenera</li> <li style=\"text-align: justify;\">Suaviza la piel</li> </ul> <p>&nbsp;</p> <p style=\"text-align: justify;\">Podemos realizar este ritual de chocolate para nuestro beneficio de forma artesanal o disfrutarla en un spa de preferencia, es ideal prepararlo con chocolate amargo pero si no tenemos podemos usar chocolate en polvo sin az&uacute;car en la tienda del barrio o supermercados usamos una cantidad generosa para rostro y cuerpo revolvemos con agua tibia y adicionamos un aceite de preferencia aplicamos durante 20 minutos y luego nos duchamos con agua&nbsp; tibia.</p> <p style=\"text-align: justify;\">El resultado una piel luminosa, suave y tersa con agradable aroma y totalmente relajados para dormir pl&aacute;cidamente.</p> <p style=\"text-align: justify;\">&nbsp;</p> <p style=\"text-align: justify;\">&nbsp;</p>', 'https://assets.afcdn.com/story/20161227/1025397_w2000h1500cx996cy746.jpg', '2021-09-28 19:51:17', 'chocolaterapia-conoce-sus-beneficios', 1),
(29, 4, 2, 'Xiaomi Redmi Note 8 Pro, características, ficha técnica y precio', '<h2><strong>Ficha t&eacute;cnica</strong></h2> <h4>Sistema</h4> <ul> <li>Sistema operativo: Android 9</li> <li>Procesador: 8 n&uacute;cleos, MediaTek Helio G90T a 2.05 GHz</li> <li>Gr&aacute;fica: ARM Mali-G76 3EEMC, 4 n&uacute;cleos a 800 MHz&nbsp;</li> <li>Memoria RAM: 6 GB</li> <li>Memoria interna: 64 GB ampliable mediante SD a 128 GB&nbsp;</li> <li>Sim: DualSim o doble SimCard</li> </ul> <h4>Pantalla</h4> <ul> <li>Pantalla LTPS LCD de 6.53 pulgadas</li> <li>Definici&oacute;n Full HD+</li> <li>Resoluci&oacute;n: 1080 x 2340 p&iacute;xeles</li> <li>Densidad: 396 ppi</li> </ul> <h4>C&aacute;mara</h4> <ul> <li>Frontal: 20 MP</li> <li>Trasera: Cu&aacute;druple de 64 MP, gran angular de&nbsp; 8 MP, macro de 2 MP y de profundidad de 2MP</li> <li>Flash: LED</li> </ul> <h4>Conectividad</h4> <ul> <li>4G</li> <li>Wi-fi</li> <li>Bluetooth</li> <li>USB tipo C</li> </ul> <h4>Dimensiones</h4> <ul> <li>6.53 pulgadas</li> <li>161.3 x 76.4 x 8.8 mm</li> <li>Peso: 199 g</li> </ul> <h4>Bater&iacute;a</h4> <ul> <li>4500 mAh</li> <li>Carga r&aacute;pida 18W</li> </ul> <h4>Precio</h4> <ul> <li>203 USD - 363 USD</li> </ul> <h2><strong>Dise&ntilde;o</strong></h2> <p>En su dise&ntilde;o se destaca el m&oacute;dulo trasero para cuatro c&aacute;maras, sensor de huellas, curvatura leve y reconocimiento facial.</p> <p>El equipo viene en tres colores: Blanco, negro y verde.</p> <h2><strong>Pantalla</strong></h2> <p>Pantalla LCD de 6.53\" que te permite disfrutar todo el contenido visual que tanto te gusta a la mejor calidad. Cuenta con Full HD+ con una densidad de p&iacute;xeles de 395ppi&nbsp;</p> <h2><strong>Rendimiento</strong></h2> <p>Su procesador Mediatek G90T cuenta con una capacidad increible para ejecutar tareas multiples sin ninguna ralentizaci&oacute;n en el tel&eacute;fono. Tambi&eacute;n es un equipo hecho para el gaming para que disfrutes tus videojuegos favoritos al mejor rendimiento y de calidad junto con sus 6 GB de RAM y 64 GB de almacenamiento interno.</p> <h2><strong>C&aacute;maras</strong></h2> <p>El m&oacute;dulo trasero de 4 c&aacute;maras se encuentra su sensor principal de 64 MP, sensor gran angular de 120&deg; para atrapar escenarios a gran escala, sensor macro de 2 MP para fotograf&iacute;as a corta distancia y su sensor de profundidad para fotografias espectaculares en modo retrato. Tambien nos encontramos con la c&aacute;mara frontal de 20 MP para que llenes tus redes sociales con las mejores selfies que te puedas tomar.</p>', 'https://digitalbell.com.co/Assets/images/uploads/img_a301834f632361fe7d0a4a697c533e7d.jpg', '2021-09-28 21:39:54', 'xiaomi-redmi-note-8-pro-caracteristicas-ficha-tecnica-y-precio', 1),
(30, 4, 2, 'Xiaomi Poco X3, características, ficha técnica y precio', '<h2><strong>Ficha t&eacute;cnica</strong></h2> <h4>Sistema</h4> <ul> <li>Sistema operativo: MIUI 12 (Android 10)</li> <li>Procesador: 8 n&uacute;cleos, Qualcomm Snapdragon 732G a 2.3 GHz</li> <li>Gr&aacute;fica: Qualcomm Adreno 618, a 800 MHz&nbsp;</li> <li>Memoria RAM: 6 GB</li> <li>Memoria interna: 64 GB ampliable mediante SD a 256 GB&nbsp;</li> <li>Sim: DualSim o doble SimCard</li> </ul> <h4>Pantalla</h4> <ul> <li>Pantalla DotDisplay de 6.67 pulgadas</li> <li>Definici&oacute;n Full HD+</li> <li>Resoluci&oacute;n: 1080 x 2400 p&iacute;xeles</li> <li>Densidad: 395 ppi</li> </ul> <h4>C&aacute;mara</h4> <ul> <li>Frontal: 20 MP</li> <li>Trasera: Cu&aacute;druple de 64 MP, gran angular de 13 MP, macro de 2 MP y de profundidad de 2MP</li> <li>Flash: LED</li> </ul> <h4>Conectividad</h4> <ul> <li>4G</li> <li>Wi-fi</li> <li>Bluetooth</li> <li>USB tipo C</li> </ul> <h4>Dimensiones</h4> <ul> <li>6.67 pulgadas</li> <li>165.3 x 76.8 x 9.4 mm</li> <li>Peso: 215 g</li> </ul> <h4>Bater&iacute;a</h4> <ul> <li>5160 mAh</li> <li>Carga r&aacute;pida 33W</li> </ul> <h4>Precio</h4> <ul> <li>224 USD - 391 USD</li> </ul> <h2><strong>Dise&ntilde;o</strong></h2> <p>El dise&ntilde;o del POCO X3 tiene una textura de brillo met&aacute;lico junto con su logotipo que refleja distintos colores dependiendo del &aacute;ngulo. Dispone de desbloqueo facial, lector de huellas situado en la parte lateral y un m&oacute;dulo circular donde se situa las 4 c&aacute;maras que ofrece este grandioso equipo.&nbsp;</p> <p>El equipo viene en dos colores: Azul y negro.</p> <h2><strong>Pantalla</strong></h2> <p>La pantalla ofrece una tasa de regresco de 120Hz permitiendo la navegaci&oacute;n y la jugabilidad de manera fluida, optimiza el ahorro de energ&iacute;a si la pantalla no se encuentra en movimiento reduciendo su tasa a 50Hz. Tiene un tam&ntilde;o de 6.67\" con resoluci&oacute;n Full HD 1080p con una densidad de 395ppi.</p> <h2><strong>Rendimiento</strong></h2> <p>Posee el procesador Qualcomm Snapdragon 732G con gran capacidad de procesamiento gr&aacute;ficos alcanzando una velocidad de hasta 2.3 GHz para ofrecer un mayor rendimiento gaming.</p> <p>En conjunto a lo anterior para lograr la ejecuci&oacute;n de multiples tareas sin problemas se tiene una memoria RAM de 6 GB y su almacenamiento interno de 64 GB ampliables a 256 GB</p> <h2><strong>C&aacute;maras</strong></h2> <p>Su m&oacute;dulo circular posee una c&aacute;mara principal de 64 MP garantizando una calidad de detalle espectacular mientras se incorpora el sensor macro de 13 MP para capturar escenarios de hasta 119&deg;.&nbsp;</p> <p>Su sensor macro de 2MP nos permite tomar fotografias a corto alcance y su sensor de profundidad para fotografias en modo retrato.</p> <p>Y por &uacute;ltimo pero no menos importante, su c&aacute;mara frontal de 20 MP para que subas las mejores selfies a tus redes sociales.</p>', 'img_4b705b73f0821cc261b5cb017e708502.jpg', '2021-09-29 21:50:56', 'xiaomi-poco-x3-caracteristicas-ficha-tecnica-y-precio', 1),
(31, 4, 2, 'Xiaomi Redmi Note 10, características, ficha técnica y precio', '<h2><strong>Ficha t&eacute;cnica</strong></h2> <h4>Sistema</h4> <ul> <li>Sistema operativo: MIUI 12 (Android 11)</li> <li>Procesador: 8 n&uacute;cleos, Qualcomm Snapdragon 678 a 2.2 GHz</li> <li>Gr&aacute;fica: Qualcomm Adreno 612, a 845 MHz&nbsp;</li> <li>Memoria RAM: 6 GB</li> <li>Memoria interna: 128 GB</li> <li>Sim: DualSim o doble SimCard</li> </ul> <h4>Pantalla</h4> <ul> <li>Pantalla Super AMOLED de 6.43 pulgadas</li> <li>Definici&oacute;n Full HD+</li> <li>Resoluci&oacute;n: 1080 x 2400 p&iacute;xeles</li> <li>Densidad: 409 ppi</li> </ul> <h4>C&aacute;mara</h4> <ul> <li>Frontal: 13 MP</li> <li>Trasera: Cu&aacute;druple de 48 MP, gran angular de 8 MP, macro de 2 MP y de profundidad de 2MP</li> <li>Flash: LED</li> </ul> <h4>Conectividad</h4> <ul> <li>4G</li> <li>Wi-fi</li> <li>Bluetooth</li> <li>USB tipo C</li> </ul> <h4>Dimensiones</h4> <ul> <li>6.43 pulgadas</li> <li>160.46 x 74.5 x 8.3 mm</li> <li>Peso: 178 g</li> </ul> <h4>Bater&iacute;a</h4> <ul> <li>5000 mAh</li> <li>Carga r&aacute;pida 33W</li> </ul> <h4>Precio</h4> <ul> <li>227 USD - 284 USD</li> </ul> <h2><strong>Dise&ntilde;o</strong></h2> <p>Su dise&ntilde;o ofrece acabados perfectos, un m&oacute;dulo rect&aacute;ngular para las c&aacute;maras traseras, lector de huella lateral, procesador con una increible potencia junto con su pantalla inmersiva del cual podr&aacute;s aprovechar por horas navegando y diviertiendote gracias a su bater&iacute;a de 5000mAH .&nbsp;</p> <p>El equipo viene en dos colores: Blanco, gris y verde.</p> <h2><strong>Pantalla</strong></h2> <p>La pantalla super AMOLED permite un entretenimiento inmersivo en tus videojuegos favoritos y disfrutrar las series a la mejor calidad con un tama&ntilde;o de 4.53\" y una densidad de 409ppi.</p> <h2><strong>Rendimiento</strong></h2> <p>Su rendimiento permite un desempe&ntilde;o m&aacute;ximo para ejecutar m&uacute;ltiples tareas sin interrumpirte mientras navegas por el sistema alcanzando una velocidad de procesamiento de 2.2 GHz.</p> <p>El procesador junto con la memoria RAM de 6GB y memoria interna de hasta 128 GB te ofrecece una experiencia &uacute;nica al mejor precio.</p> <h2><strong>C&aacute;maras</strong></h2> <p>Tiene un sistema de 4 c&aacute;maras, la principal de 48 MP encargado de atrapar todos los detalles que deseas junto con un sensor ultra gran angular de 8 MP para una captura panor&aacute;mica de hasta 118&deg;, un sensor macro de 2 MP para fotograf&iacute;as a corta distancia y un sensor de pronfundidad para darle vida a tus retratos. Tambi&eacute;n, su c&aacute;mara frontal de 13 MP para las mejores selfies que puedas tener.</p>', 'https://digitalbell.com.co/Assets/images/uploads/img_08b5659fa291dd0bfd5ce56a300a9da4.jpg', '2021-10-05 00:18:06', 'xiaomi-redmi-note-10-caracteristicas-ficha-tecnica-y-precio', 1),
(32, 4, 2, 'Xiaomi Redmi Note 9 pro, características, ficha técnica y precio', '<h2><strong>Ficha t&eacute;cnica</strong></h2> <h4>Sistema</h4> <ul> <li>Sistema operativo: MIUI 11 (Android 10)</li> <li>Procesador: 8 n&uacute;cleos, Qualcomm Snapdragon 720G a 2.3 GHz</li> <li>Gr&aacute;fica: Qualcomm Adreno 618, a 750 MHz&nbsp;</li> <li>Memoria RAM: 6 GB</li> <li>Memoria interna: 64 GB ampliable hasta 256 GB</li> <li>Sim: DualSim o doble SimCard</li> </ul> <h4>Pantalla</h4> <ul> <li>Pantalla Dot IPS de 6.67 pulgadas</li> <li>Definici&oacute;n Full HD+</li> <li>Resoluci&oacute;n: 1080 x 2400 p&iacute;xeles</li> <li>Densidad: 395 ppi</li> </ul> <h4>C&aacute;mara</h4> <ul> <li>Frontal: 16 MP</li> <li>Trasera: Cu&aacute;druple de 64 MP, gran angular de 8 MP, macro de 5 MP y de profundidad de 2MP</li> <li>Flash: LED</li> </ul> <h4>Conectividad</h4> <ul> <li>4G</li> <li>Wi-fi</li> <li>Bluetooth</li> <li>USB tipo C</li> </ul> <h4>Dimensiones</h4> <ul> <li>6.67 pulgadas</li> <li>165.75 x 76.68 x 8.8 mm</li> <li>Peso: 209 g</li> </ul> <h4>Bater&iacute;a</h4> <ul> <li>5020 mAh</li> <li>Carga r&aacute;pida 30W</li> </ul> <h4>Precio</h4> <ul> <li>260 USD - 443 USD</li> </ul> <h2><strong>Dise&ntilde;o</strong></h2> <p>Viene con un m&oacute;dulo rect&aacute;ngular para las 4 c&aacute;maras principales, procesador super potente y lector de huellas en la parte lateral. Su bater&iacute;a de gran capacidad nos permite navegar y entretenernos por horas.</p> <p>El equipo viene en tres colores: Blanco, negro y verde.</p> <h2><strong>Pantalla</strong></h2> <p>Su pantalla IPS Dot Full View permite lograr una relaci&oacute;n de cuerpo-pantalla del 91% con cuerpo protegido gracias al Corning Gorilla Glass 5 para brindando la mayor protecci&oacute;n contra caidas y golpes bruscos.</p> <h2><strong>Rendimiento</strong></h2> <p>El rendimiento optimizado nos brinda la mejor experiencia gaming o disfrutar nuestras series favortias gracias a sus 8 n&uacute;cleos con una velocidad de procesamiento de 2.3 GHz.</p> <p>No olvidemos unir la gran capacidad de procesamiento con la memoria RAM de 6GB y su capacidad de almacenamiento interno de 64GB.</p> <h2><strong>C&aacute;maras</strong></h2> <p>La capacidad fotogr&aacute;fica del Redmi Note 9 Pro te deslumbrar&aacute; por su c&aacute;mara principal de 64MP, sensor macro de 8MP para fotograf&iacute;as panor&aacute;micas cubriendo el escenario con un &aacute;ngulo de 119&deg;. Y, por supuesto los retratos increibles con su sensor de profundidad de 2 MP resaltando la belleza del retratado, y como olvidar el sensor macro de 5MP para fotograf&iacute;as a corta distancia de enfoque.</p> <p>Por &uacute;ltimo, la c&aacute;mara frontal de 16 MP que ilumina tu belleza en espectaculares selfies para que presumas en todas tus redes sociales.</p>', 'https://digitalbell.com.co/Assets/images/uploads/img_a4b503c4cc39301929242d83ffe441a0.jpg', '2021-10-05 01:23:06', 'xiaomi-redmi-note-9-pro-caracteristicas-ficha-tecnica-y-precio', 1),
(33, 2, 5, 'Mascarilla facial a base de frutas, aprende como hacerlas.', '<p style=\"text-align: justify;\">El cuidado facial es muy importante y m&aacute;s ahora que estamos en contacto frecuente con la contaminaci&oacute;n exterior., por eso debemos cuidar nuestro rostro para tenerlo limpio, saludable y as&iacute; de una forma natural evitar manchas de sol, envejecimiento prematuro, resequedad entre otros factores que aparecen en nuestra piel.</p> <p style=\"text-align: justify;\">Quiero ense&ntilde;arles algunas mascarillas faciales a base de frutas, pues esta nos aportan multiples nutrientes y vitaminas que necesitamos para nuestra piel&nbsp; adicional es econ&oacute;mico y lo encontramos en la cocina de nuestro hogar.</p> <p style=\"text-align: justify;\">&nbsp;</p> <h2 style=\"text-align: justify;\"><strong>Mascarilla de Papaya</strong></h2> <p><strong><img src=\"https://tiempo.hn/wp-content/uploads/2020/11/2020071701264733569.jpg\" alt=\"Mascarilla de papaya\" width=\"544\" height=\"368\" /></strong></p> <p style=\"text-align: justify;\">&nbsp;</p> <p style=\"text-align: justify;\">Esta mascarilla aporta vitaminas&nbsp; B, C , antioxidantes, minerales, fibras, acido f&oacute;lico, carotenos. Es perfecta para usar en nuestra piel para prevenir el envejecimiento prematuro y coadyudante del tratamiento del acn&eacute;.</p> <p style=\"text-align: justify;\">Es una fruta f&aacute;cil de conseguir en supermercados, tiendas de barrio y plazas de mercado.</p> <h3 style=\"text-align: justify;\"><strong>&iquest;C&oacute;mo prepararla?</strong></h3> <p>&nbsp;</p> <ul> <li>Papaya <em>(media o rebanada)</em></li> <li>Miel</li> <li>Yogurth <em>(en lo posible natural)</em></li> </ul> <p>&nbsp;</p> <p style=\"text-align: justify;\">Debemos usar una papaya peque&ntilde;a de esa&nbsp; media o solamente rodaja, hacer papilla sea manual con tenedor, picadora, o licuadora&nbsp; se aplica entre 1 o 2 cucharadas de miel de abejas y lo mismo en yogurth en lo posible natural si no tenemos usar yogurth de preferencia y revolver hasta tener una consistencia cremosa.</p> <p style=\"text-align: justify;\">Aplicar sobre nuestra piel limpia y dejar actuar 20 minutos, luego retiramos con abundante agua preferible que sea tibia y proceder a la rutina facial normal debe usarse 2 veces por semana. Su resultado una piel suave, tersa, fresca y luminosa.</p> <p style=\"text-align: justify;\">C&oacute;mo adicional podemos usar las c&aacute;scaras de la papaya para no desperdiciar, pasar sobre nuestra piel durante 5 minutos dejar actuar y lavar.</p> <p style=\"text-align: justify;\">&nbsp;</p> <h2 style=\"text-align: justify;\"><strong>Mascarilla de Fresa</strong></h2> <p><strong><img src=\"https://encolombia.com/wp-content/uploads/2013/10/Mascarillas-con-fresa.png\" alt=\"Mascarilla de fresa\" width=\"564\" height=\"322\" /></strong></p> <p style=\"text-align: justify;\">&nbsp;</p> <p style=\"text-align: justify;\">Esta deliciosa mascarilla aporta a nuestra piel nutrientes, vitamina E, antioxidantes, refresca, es ideal para pieles mixtas o grasas. Es un rejuvenecedor natural previene arrugas y lineas de expresi&oacute;n adicional trata bolsas y ojeras que se pronuncian alrededor de nuestros ojos.</p> <p style=\"text-align: justify;\">Es una fruta f&aacute;cil de conseguir en supermercados, tiendas de barrio y plazas de mercado.</p> <h3 style=\"text-align: justify;\"><strong>&iquest;C&oacute;mo prepararla?</strong></h3> <p>&nbsp;</p> <ul> <li>Fresas <em>(4 o 5)</em></li> <li>Miel</li> <li>Avena <em>(molida)</em></li> </ul> <p>&nbsp;</p> <p style=\"text-align: justify;\">Debemos usar unas 4 0 5 fresas, hacer papilla sea manual con tenedor, picadora, o licuadora&nbsp; se aplica entre 1 o 2 cucharadas de miel de abejas y lo mismo en avena molida&nbsp; y revolver hasta tener una consistencia cremosa.</p> <p style=\"text-align: justify;\">Aplicar sobre nuestra piel limpia y dejar actuar 20 minutos, luego retiramos con abundante agua preferible que sea tibia y proceder a la rutina facial normal debe usarse 2 veces por semana. Su resultado una piel tonificada, relajada, suave y mas clara.</p> <p style=\"text-align: justify;\">C&oacute;mo adicional podemos usar solamente rodajas de fresa, pasar sobre nuestra piel durante 5 minutos dejar actuar y lavar.</p> <p style=\"text-align: justify;\">&nbsp;</p> <h2 style=\"text-align: justify;\"><strong>Mascarilla de Banano</strong></h2> <p><strong><img src=\"https://cdn2.actitudfem.com/media/files/styles/big_img/public/images/2021/02/mascarilla-casera-efecto-botox.jpg\" alt=\"Mascarilla de banano\" width=\"500\" height=\"375\" /></strong></p> <p style=\"text-align: justify;\">&nbsp;</p> <p style=\"text-align: justify;\">Esta fruta benefica para nuestra piel contiene un porcentaje muy alto en vitamina C, estimula la producci&oacute;n de col&aacute;geno es ideal para pieles maduras y secas pues ayudan a disminuir arrugas y l&iacute;neas de expresi&oacute;n, tonifica y da elasticidad.</p> <p style=\"text-align: justify;\">&nbsp;</p> <p style=\"text-align: justify;\">Es una fruta f&aacute;cil de conseguir en supermercados, tiendas de barrio y plazas de mercado.</p> <h3 style=\"text-align: justify;\"><strong>&iquest;C&oacute;mo prepararla?</strong></h3> <p>&nbsp;</p> <ul> <li>Banano</li> <li>Chocolate <em>(Polvo)</em></li> </ul> <p>&nbsp;</p> <p style=\"text-align: justify;\">Debemos usar un banano, hacer papilla sea manual con tenedor, picadora, o licuadora&nbsp; se aplica entre 1 o 2 cucharadas de chocolate en polvo en lo posible sin az&uacute;car revolver hasta tener una consistencia cremosa.</p> <p style=\"text-align: justify;\">Aplicar sobre nuestra piel limpia y dejar actuar 20 minutos, luego retiramos con abundante agua preferible que sea tibia y proceder a la rutina facial normal debe usarse 2 veces por semana. Su resultado una piel tonificada, relajada, suave y mas clara.</p> <p style=\"text-align: justify;\">&nbsp;</p> <h2 style=\"text-align: justify;\"><strong>Mascarilla de Pepino</strong></h2> <p><strong><img src=\"https://image.freepik.com/foto-gratis/chica-mascarilla_1157-15439.jpg\" alt=\"Mascarilla de pepino\" width=\"599\" height=\"399\" /></strong></p> <p>&nbsp;</p> <p style=\"text-align: justify;\">El pepino lo confundimos como un vegetal pero en si es una fruta, en bot&aacute;nica es perteneciente a la famila de la sand&iacute;a y el mel&oacute;n. Este contiene un alto contenido de vitaminas C y especialmente del grupo B, tiene acido f&oacute;lico, calcio, hierro, potasio y zinc.</p> <p style=\"text-align: justify;\">Es ideal para todo tipo de piel especialmente seca y&nbsp; grasa ayuda a disminuir poros, descongestiona. limpia profundamente, hidrata, ayuda a la producci&oacute;n de col&aacute;geno.</p> <p style=\"text-align: justify;\">Es una fruta f&aacute;cil de conseguir en supermercados, tiendas de barrio y plazas de mercado.</p> <h3 style=\"text-align: justify;\"><strong>&iquest;C&oacute;mo prepararla?</strong></h3> <p>&nbsp;</p> <ul> <li>Pepino</li> <li>Yogurth <em>(en lo posible natural)</em></li> <li>Miel <em>(Opcional)</em></li> </ul> <p>&nbsp;</p> <p style=\"text-align: justify;\">Debemos usar un pepino, hacer papilla en , picadora, o licuadora&nbsp; se aplica entre 1 o 2 cucharadas de yogurth natural o de preferencia, ideal si aplicas miel pero es opcional., revolver hasta tener una consistensia cremosa.</p> <p style=\"text-align: justify;\">Aplicar sobre nuestra piel limpia y dejar actuar 20 minutos, luego retiramos con abundante agua preferible que sea tibia y proceder a la rutina facial normal debe usarse 2 veces por semana. Su resultado una piel hidratada, suave, tersa, regenerada.</p> <p style=\"text-align: justify;\">C&oacute;mo adicional podemos usar solamente rodajas de pepino, pasar sobre nuestra piel durante 5 minutos dejar actuar y lavar.</p> <p style=\"text-align: justify;\">&nbsp;</p> <p style=\"text-align: justify;\">Todos estos elementos son naturales que estan a la mano y claro esta econ&oacute;micos, es importante escoger la mascarilla el cual necesitamos puntualmente para nuestra piel. De ver resultados debemos aplicar con frecuencia., de preferencia entre 2 a 3 veces por semana para ver los resultados que buscamos.</p> <p style=\"text-align: justify;\">No osbtante, si somos al&eacute;rgicos a algunos de estos componentes naturales es mejor suspender y buscar una soluci&oacute;n con un profesional.</p> <p style=\"text-align: justify;\">&nbsp;</p>', 'https://cdn.kiwilimon.com/articuloimagen/30218/28414.jpg', '2021-10-05 18:21:23', 'mascarilla-facial-a-base-de-frutas-aprende-como-hacerlas', 1),
(34, 4, 2, 'Xiaomi Poco X3 Pro, características, ficha técnica y precio', '<h2><strong>Ficha t&eacute;cnica</strong></h2> <h4>Sistema</h4> <ul> <li>Sistema operativo: MIUI 12 (Android 11)</li> <li>Procesador: 8 n&uacute;cleos, Qualcomm Snapdragon 860 a 2.4 GHz</li> <li>Gr&aacute;fica: Qualcomm Adreno 640</li> <li>Memoria RAM: 8 GB</li> <li>Memoria interna: 256 GB ampliable hasta 1 TB</li> <li>Sim: DualSim o doble SimCard</li> </ul> <h4>Pantalla</h4> <ul> <li>Pantalla Dot display de 6.67 pulgadas</li> <li>Definici&oacute;n Full HD+</li> <li>Resoluci&oacute;n: 1080 x 2400 p&iacute;xeles</li> <li>Densidad: 395 ppi</li> </ul> <h4>C&aacute;mara</h4> <ul> <li>Frontal: 20 MP</li> <li>Trasera: Cu&aacute;druple de 48 MP, gran angular de 8 MP, macro de 2 MP y de profundidad de 2 MP</li> <li>Flash: LED</li> </ul> <h4>Conectividad</h4> <ul> <li>4G</li> <li>Wi-fi</li> <li>Bluetooth</li> <li>USB tipo C</li> </ul> <h4>Dimensiones</h4> <ul> <li>6.67 pulgadas</li> <li>165.30 x 76.80 x 9.4 mm</li> <li>Peso: 215 g</li> </ul> <h4>Bater&iacute;a</h4> <ul> <li>5160 mAh</li> <li>Carga r&aacute;pida 33W</li> </ul> <h4>Precio</h4> <ul> <li>287 USD - 334 USD</li> </ul> <h2><strong>Dise&ntilde;o</strong></h2> <p>El Poco X3 Pro posee un dise&ntilde;o &uacute;nico con banda de color reflectante y una textura metalizada lo cual lo hace resistente a las huellas junto con su protecci&oacute;n ante golpes y ca&iacute;das con el Corning Gorilla Glass 6. Trae un m&oacute;dulo circular para sus c&aacute;maras princiaples y lector de huellas en la parte lateral.</p> <p>El equipo viene en tres colores: Azul, bronce y negro.</p> <h2><strong>Pantalla</strong></h2> <p>Su pantalla inteligente ofrece la selecci&oacute;n autom&aacute;tica de la tasa de refresco m&aacute;s adecuada seg&uacute;n el contenido en el que est&eacute;s navegando para optimizar el consumo de energ&iacute;a con una tasa de hasta 120 Hz ofreciendote una experiencia de pantalla mucho m&aacute;s fluida. Esta pantalla tiene una resoluci&oacute;n de 1080 x 2400p con una densidad de 395 ppi.</p> <h2><strong>Rendimiento</strong></h2> <p>El snapdragon 860 te garantiza la mejor experiencia en videojuegos para que los disfrutes los gr&aacute;ficos al m&aacute;ximo como tambien la facilidad con la que podr&aacute;s navegar por el sistema y aplicaciones sin presentar alg&uacute;n problema gracias a su memoria RAM de 8GB y su capacidad interna de 256GB</p> <p>No olvidemos unir la gran capacidad de procesamiento con la memoria RAM de 6GB y su capacidad de almacenamiento interno de 64GB.</p> <h2><strong>C&aacute;maras</strong></h2> <p>C&aacute;mara principal de 48 MP para capturar fotograf&iacute;as al mejor detalle junto con su sensor ultra gran angular de 8 MP aumentando el escenario con un rango de 119&deg;, sensor macro para fotos a corta distancia y sensor de profundidad para tus retratos.</p>', 'img_841a32b866219a5a0f9480135dfc618e.jpg', '2021-10-08 02:36:11', 'xiaomi-poco-x3-pro-caracteristicas-ficha-tecnica-y-precio', 1),
(35, 4, 2, 'Xiaomi Mi 10 Lite 5G, características, ficha técnica y precio', '<h2><strong>Ficha t&eacute;cnica</strong></h2> <h4>Sistema</h4> <ul> <li>Sistema operativo: MIUI 12 (Android 10)</li> <li>Procesador: 8 n&uacute;cleos, Qualcomm Snapdragon 765G a 2.4 GHz</li> <li>Gr&aacute;fica: Qualcomm Adreno 620</li> <li>Memoria RAM: 6 GB</li> <li>Memoria interna: 128 GB</li> <li>Sim: DualSim o doble SimCard</li> </ul> <h4>Pantalla</h4> <ul> <li>Pantalla AMOLED de 6.57 pulgadas</li> <li>Definici&oacute;n Full HD+</li> <li>Resoluci&oacute;n: 1080 x 2340 p&iacute;xeles</li> <li>Densidad: 392 ppi</li> </ul> <h4>C&aacute;mara</h4> <ul> <li>Frontal: 16 MP</li> <li>Trasera: Cu&aacute;druple de 48 MP, gran angular de 8 MP, macro de 5 MP y de profundidad de 2 MP</li> <li>Flash: LED</li> </ul> <h4>Conectividad</h4> <ul> <li>5G</li> <li>Wi-fi</li> <li>Bluetooth</li> <li>USB tipo C</li> </ul> <h4>Dimensiones</h4> <ul> <li>6.67 pulgadas</li> <li>163.10 x 74.70 x 7.98 mm</li> <li>Peso: 192 g</li> </ul> <h4>Bater&iacute;a</h4> <ul> <li>4160 mAh</li> <li>Carga r&aacute;pida 20W</li> </ul> <h4>Precio</h4> <ul> <li>312 USD - 370 USD</li> </ul> <h2><strong>Dise&ntilde;o</strong></h2> <p>Est&aacute; fabricado en aluminio y vidrio con acabados perfectos y bordes ligeramente curvados. Posee un m&oacute;dulo rect&aacute;ngular en la parte trasera para la c&aacute;mara principal y su lector de huellas que se encuentra escondida debajo de la pantalla, permitiendo desbloquear f&aacute;cilmente el dispositivo para acceder a nuestras aplicaciones de la maner&aacute; m&aacute;s rapida y c&oacute;moda posible.&nbsp;</p> <p>El equipo viene en dos colores: Azul y gris.</p> <h2><strong>Pantalla</strong></h2> <p>Gracias a su pantalla AMOLED de 6,57 pulgadas podemos apreciar la calidad del contenido audiovisual junto con su definici&oacute;n full HD+ y su densidad de 392ppi. Trae bordes curvos y protecci&oacute;n contra caidas y golpes bruscos garantizando una excelente resistencia en el equipo.</p> <h2><strong>Rendimiento</strong></h2> <p>El rendimiento que ofrece Xiaomi nunca decepciona y viene con un procesador snapdragon 765G de 8 n&uacute;cles alcanzando una velocidad m&aacute;xima de 2.4 GHz junto con su memoria RAM de 6GB y memoria interna de 128GB ofreciendonos la mejor experiencia gaming.</p> <h2><strong>C&aacute;maras</strong></h2> <p>C&aacute;mara cuadruple de 48MP con una impresionante calidad de detalle que te ofrece cada fotograf&iacute;a junto con sus sensores de apoyo como el ultra gran angular de 8MP para capturar el mayor escenario, sensor macro de 5MP para tus capturas a corta distancia y por &uacute;ltimo, su sensor de profundidad de 2MP para increbiles retratos.</p> <p>Adem&aacute;s, su c&aacute;mara frontal de 16MP con su modo belleza para perfectas selfies.</p>', 'https://digitalbell.com.co/Assets/images/uploads/img_518c9a60a1d92f3bb99b84da0c084c83.jpg', '2021-10-11 21:44:16', 'xiaomi-mi-10-lite-5g-caracteristicas-ficha-tecnica-y-precio', 1),
(36, 2, 5, 'Exfoliación ¿Cómo usarla y en que tipo de piel?', '<p style=\"text-align: justify;\">La exfoliaci&oacute;n es un proceso natural que permite la renovaci&oacute;n celular de la piel, es importante realizar una buena exfoliaci&oacute;n para retirar c&eacute;lulas muertas de la piel y evitar que su piel se vea escamosa y provoque una enfermedad o infecci&oacute;n de la misma.</p> <p style=\"text-align: justify;\">&nbsp;</p> <h2 style=\"text-align: justify;\"><strong>Exfoliaci&oacute;n</strong></h2> <p><strong><img src=\"https://aliceinbeautyland.com/blog/wp-content/uploads/2018/11/como-hacer-una-buena-exfoliacion-facial-alice-in-beautyland-blog-cleanseme-scrub-alice-800x600.jpg\" alt=\"Exfoliacion2\" width=\"509\" height=\"382\" /></strong></p> <p style=\"text-align: justify;\">Es muy importante incluir la exfoliaci&oacute;n en nuestra rutina de limpieza facial, pues esta nos permite retirar c&eacute;lulas muertas, impurezas, limpia poros,&nbsp; y de paso nuestra piel queda preparada para el siguiente producto aplicar sea un t&oacute;nico, mascarilla o crema hidratante.</p> <p style=\"text-align: justify;\">Podemos usar productos caseros sencillos para realizar una exfoliaci&oacute;n o ya podemos encontrar exfoliantes ya preparados en distribuidoras de belleza o almacenes de cadena.</p> <p style=\"text-align: justify;\">&nbsp;</p> <h2 style=\"text-align: justify;\"><strong>&nbsp;&iquest;C&oacute;mo usarla y en que tipo de piel?</strong></h2> <p>&nbsp;</p> <p><strong><img src=\"https://www.bellezaysalud.biz/imagenes/10-beneficios-de-exfoliar-tu-cara-que-te-sentaran-genial.jpg\" alt=\"Exfoliacion\" width=\"469\" height=\"242\" /></strong></p> <p>&nbsp;</p> <p style=\"text-align: justify;\">Este ritual debemos usarlo una vez por semana y dependiendo el tipo de piel., en este caso te comentamos en que momento usar la exfoliaci&oacute;n seg&uacute;n tu piel.</p> <h3 style=\"text-align: justify;\"><strong>Piel normal:</strong></h3> <p style=\"text-align: justify;\">Para este tipo de piel, y m&aacute;s si se tiene m&aacute;s de 30 a&ntilde;os es ideal una vez por semana.</p> <h3 style=\"text-align: justify;\"><strong>Piel seca:</strong></h3> <p style=\"text-align: justify;\">Este tipo de piel tiende acumular gran cantidad de c&eacute;lulas muertas y tiende ser muy escamosa en este caso es ideal usar la exfoliaci&oacute;n 2 veces por semana.</p> <h3 style=\"text-align: justify;\"><strong>Piel mixta o grasa:</strong></h3> <p style=\"text-align: justify;\">Es ideal exfoliar 2 veces por semana, pues este ayuda a limpiar poros y retirar impurezas en el caso de puntos negros y espinillas.</p> <p style=\"text-align: justify;\">Como anotaci&oacute;n en casos de acn&eacute; deben exfoliar con productos recomendados por un dermat&oacute;logo porque puede generar irritaci&oacute;n y dolor, en pieles muy jovenes puede ser una vez por semana y en pieles maduras exfoliantes muy suaves ya que la piel se demora en regenerarse.</p> <h3 style=\"text-align: justify;\">&nbsp;</h3> <h2 style=\"text-align: justify;\"><strong>&iquest;C&oacute;mo usarla?</strong></h2> <p><strong><img src=\"https://smoda.elpais.com/wp-content/uploads/2020/06/GettyImages-1133007525-591x447.jpg\" alt=\"Exfoliacion3\" width=\"464\" height=\"351\" /></strong></p> <p>&nbsp;</p> <p style=\"text-align: justify;\">Usar un exfoliante casero es muy f&aacute;cil de preparar.</p> <p style=\"text-align: justify;\">&nbsp;</p> <ul> <li style=\"text-align: justify;\">Az&uacute;car&nbsp; (<em>1 cucharada</em>) o Granulos de caf&eacute;</li> <li style=\"text-align: justify;\">Yogurht (<em>1 cucharada</em>)&nbsp;</li> </ul> <p>&nbsp;</p> <p style=\"text-align: justify;\">Debemos usar 1 cucharada de az&uacute;car o de caf&eacute; y 1 de yogurht, revolver y aplicar en el rostro limpio realizar masajes en forma circular enfatizando en areas donde tenemos puntos negros o espinillas. hacer este ejercicio promedio 2 a 3 minutos luego enjuagar con abundante agua secar y aplicar t&oacute;nico o crema hidratante.&nbsp; Su resultado una piel, limpia, suave y luminosa.</p> <p style=\"text-align: justify;\">&nbsp;</p> <p style=\"text-align: justify;\">Tambi&eacute;n puedes usar exfoliantes ya preprarados, que encuentras en distribuidoras de belleza como de chocolate, maracuy&aacute;, fresa, kiwi entre otros de preferencia. Adicional tambi&eacute;n puedes exfoliar tu cuerpo antes de ducharte.</p> <p>&nbsp;</p> <p style=\"text-align: justify;\">&nbsp;</p> <p>&nbsp;</p> <p style=\"text-align: justify;\">&nbsp;</p>', 'https://www.nupciasmagazine.com/wp-content/uploads/2019/10/exfoliante.jpg', '2021-10-12 19:03:10', 'exfoliacion-como-usarla-y-en-que-tipo-de-piel', 1),
(37, 4, 2, 'Xiaomi Mi 11 Lite, características, ficha técnica y precio', '<h2><strong>Ficha t&eacute;cnica</strong></h2> <h4>Sistema</h4> <ul> <li>Sistema operativo: MIUI 12 (Android 11)</li> <li>Procesador: 8 n&uacute;cleos, Qualcomm Snapdragon 888 a 2.84 GHz</li> <li>Gr&aacute;fica: Qualcomm Adreno 660</li> <li>Memoria RAM: 8 GB</li> <li>Memoria interna: 256 GB</li> <li>Sim: DualSim o doble SimCard</li> </ul> <h4>Pantalla</h4> <ul> <li>Pantalla AMOLED E4 DotDisplay de 6.67 pulgadas</li> <li>Definici&oacute;n Full HD+</li> <li>Resoluci&oacute;n: 1080 x 2400 p&iacute;xeles</li> <li>Densidad: 395 ppi</li> </ul> <h4>C&aacute;mara</h4> <ul> <li>Frontal: 20 MP</li> <li>Trasera: Triple de 108 MP, ultra gran angular de 8 MP, telemacro de 5 MP</li> <li>Flash: LED</li> </ul> <h4>Conectividad</h4> <ul> <li>5G</li> <li>Wi-fi</li> <li>Bluetooth</li> <li>USB tipo C</li> </ul> <h4>Dimensiones</h4> <ul> <li>6.67 pulgadas</li> <li>163.70 x 76.40 x 7.8 mm</li> <li>Peso: 196 g</li> </ul> <h4>Bater&iacute;a</h4> <ul> <li>4520 mAh</li> <li>Carga r&aacute;pida 33W</li> </ul> <h4>Precio</h4> <ul> <li>678 USD - 1069 USD</li> </ul> <h2><strong>Dise&ntilde;o</strong></h2> <p>Dise&ntilde;o plano pero con bastante funcionalidad, agarre super c&oacute;modo gracias a sus dimensiones de 7.8mm de grosor y su peso ligero de 196gr. Trae cristal resistente para protegerlo a ca&iacute;das y golpes fuertes.</p> <p>Su lector de huellas ubicado en el bot&oacute;n de inicio permite un desbloqueo r&aacute;pido y c&oacute;modo, m&oacute;dulo rectangular para su c&aacute;mara principal y su c&aacute;mara frontal superpeque&ntilde;a de 2.76mm de ancho para aprovechar al m&aacute;ximo el espacio para la pantalla.</p> <p>El equipo viene en tres colores: Negro, blanco y plata.</p> <h2><strong>Pantalla</strong></h2> <p>La mejor tecnolog&iacute;a para un equipo de gama alta con su pantalla de 6.67 pulgadas tipo AMOLED E4 ofreciendo la mejor nitidez junto con su alta resoluci&oacute;n de 1080p atrapando los colores m&aacute;s vivos y realistas gracias a su tecnolog&iacute;a TrueColor y gama de colores DCI-P3.</p> <h2><strong>Rendimiento</strong></h2> <p>En cuanto al rendimiento, este equipo es una total bestia para ejecutar videojuegos o cualquier contenido audiovisual a una fluidez impresionante y por supuesto con los gr&aacute;ficos al m&aacute;ximo gracias a su procesador <strong>Snapdragon 888</strong> con una velocidad m&aacute;xima de 2.84GHz.</p> <p>Su alta eficiencia y fluidez para la ejecuci&oacute;n de multiples tareas se da a su gran memoria RAM de 8GB y almacenamiento interno de 256GB.</p> <h2><strong>C&aacute;maras</strong></h2> <p>Su sensor principal de 108 MP te garantiza tomas increbiles en alta definici&oacute;n atrapando todos los detalles a gran calidad, su senor ultra gran angular te permite capturar el mayor escenario posible para espectaculares fotos panor&aacute;micas, y su sensor telemacro de 5MP con ajuste de enfoque para perfectas fotograf&iacute;as a corta distancia.</p>', 'https://digitalbell.com.co/Assets/images/uploads/img_d1f7d04cd0e0b14ba3d69172b750c53d.jpg', '2021-10-13 16:28:16', 'xiaomi-mi-11-lite-caracteristicas-ficha-tecnica-y-precio', 1),
(38, 4, 2, 'Xiaomi Poco F3, características, ficha técnica y precio', '<h2><strong>Ficha t&eacute;cnica</strong></h2> <h4>Sistema</h4> <ul> <li>Sistema operativo: MIUI 12 (Android 11)</li> <li>Procesador: 8 n&uacute;cleos, Qualcomm Snapdragon 870 a 3.20 GHz</li> <li>Gr&aacute;fica: Qualcomm Adreno 650</li> <li>Memoria RAM: 8 GB</li> <li>Memoria interna: 256 GB</li> <li>Sim: DualSim o doble SimCard</li> </ul> <h4>Pantalla</h4> <ul> <li>Pantalla AMOLED E4 DotDisplay de 6.67 pulgadas</li> <li>Definici&oacute;n Full HD+</li> <li>Resoluci&oacute;n: 1080 x 2400 p&iacute;xeles</li> <li>Densidad: 395 ppi</li> </ul> <h4>C&aacute;mara</h4> <ul> <li>Frontal: 20 MP</li> <li>Trasera: Triple de 48 MP, ultra gran angular de 8 MP, telemacro de 5 MP</li> <li>Flash: LED</li> </ul> <h4>Conectividad</h4> <ul> <li>5G</li> <li>Wi-fi</li> <li>Bluetooth</li> <li>USB tipo C</li> </ul> <h4>Dimensiones</h4> <ul> <li>6.67 pulgadas</li> <li>163.70 x 76.40 x 7.8 mm</li> <li>Peso: 196 g</li> </ul> <h4>Bater&iacute;a</h4> <ul> <li>4520 mAh</li> <li>Carga r&aacute;pida 33W</li> </ul> <h4>Precio</h4> <ul> <li>357 USD - 574 USD</li> </ul> <h2><strong>Dise&ntilde;o</strong></h2> <p>El tel&eacute;fono m&aacute;s potente de <strong>POCO</strong> con un tama&ntilde;o reducido para su c&aacute;mara frontal de 2.76mm con un cuerpo delgado de 7.8mm haciendolo un equipo bastante c&oacute;modo y atractivo. Adem&aacute;s, nos brinda gran resistencia ante golpes y ca&iacute;das gracias a su cristal <strong>Corning Gorilla Glass 5&nbsp;</strong>y su marco de metal dando un aspecto mucho m&aacute;s llamativo.</p> <p>El equipo viene en dos colores: Negro y blanco.</p> <h2><strong>Pantalla</strong></h2> <p>Pantalla ultra n&iacute;tida generando una resoluci&oacute;n full HD+ de 1080p con una amplia gama de <strong>colores DCI-P3</strong> y contraste para alcanzar un brillo m&aacute;ximo. Su tecnolog&iacute;a <strong>AMOLED</strong> permite garantizar la mejor experiencia y calidad cinematogr&aacute;fica.</p> <p>Si te encuentras jugando o navegando por el sistema, notar&aacute;s la fluidez con la que interactuas gracias a su tasa de refresco de hasta 120Hz.</p> <h2><strong>Rendimiento</strong></h2> <p>El rendimiento m&aacute;ximo que te ofrece <strong>POCO </strong>es el procesador <strong>Snapdragon 870</strong>, un procesador bestial que alcanza una velocidad m&aacute;xima de 3.20 GHz. Por &uacute;ltimo, su capacidad de ejecutar m&uacute;ltiples tareas en un abrir y cerrar de ojos sin ning&uacute;n tipo de problema se da por su memoria RAM <strong>LPDDR5&nbsp;</strong>de 8GB y su almacenamiento interno de 256GB.</p> <h2><strong>C&aacute;maras</strong></h2> <p>C&aacute;mara principal de 48 MP que te permite capturar im&aacute;genes a gran calidad, su sensor telemacro de 5MP para fotograf&iacute;as a corta distancia con la posibilidad de ajustar su enfoque para espectaculares fotograf&iacute;as y el sensor ultra gran angular amplia tu campo de visi&oacute;n para la toma.</p> <p>Su c&aacute;mara frontal de 20 MP en su mejor versi&oacute;n y modo nocturno 2.0 te garantiza las mejores selfies gracias a su gran profundidad y contraste que te ofrece incluso con poca luz.&nbsp;</p>', 'https://digitalbell.com.co/Assets/images/uploads/img_43d24b59c4de62b59c54f64cfe6a74e4.jpg', '2021-10-13 17:40:07', 'xiaomi-poco-f3-caracteristicas-ficha-tecnica-y-precio', 1),
(39, 4, 6, 'Ego4D el nuevo proyecto del departamento de inteligencia artificial de Facebook', '<p>A lo largo del &eacute;xito de la red social m&aacute;s popular del mundo, se ha encaminado en el desarrollo de nuevas tecnolog&iacute;as para facilitarnos cada vez m&aacute;s la vida cotidianda manteniendonos conectados en todo momento. Hoy no es una excepci&oacute;n, Facebook anuncia su nuevo proyecto <strong>Ego4D</strong> que nos permitir&aacute; recordar el mundo tal cual como lo hemos visto.</p> <p>As&iacute; es, <strong>Ego4D&nbsp;</strong>te dar&aacute; el beneficio de recordarte cada momento que vivas, recodar&aacute;s donde dejaste las llaves de tu casa que tanto has estado buscando y por supuesto, te ayudar&aacute; a elaborar cualquier receta o incluso si deseas aprender a tocar alg&uacute;n instrumento. Esta IA te lo ense&ntilde;ar&aacute; todo. &iquest;Increible, no?</p> <p>El ambicioso proyecto se encuentra en colaboraci&oacute;n con 13 universidades y laboratorios de 9 pa&iacute;ses recopilando m&aacute;s de 2200 horas de video con m&aacute;s de 700 participantes en su vida cotianada para llevar a cabo la investigaci&oacute;n y el desarrollo del mismo.</p> <p>Los 5 puntos de referencia que ofrece la IA son:</p> <ul> <li><strong>Memoria epis&oacute;dica:&nbsp;</strong>&iquest;Qu&eacute; pas&oacute; cuando...? Exacto, cuando no recuerdas donde dejaste las llaves, la IA te lo recordar&aacute;.</li> <li><strong>Previsi&oacute;n: </strong>&iquest;Qu&eacute; es probable que haga a continuaci&oacute;n? Bueno, &iquest;Alguna vez te has preguntado si ya has hecho esto o algo una vez? Correcto, la IA te avisar&aacute; cuando lo has hecho. Por ejemplo: \"Oye, ya has a&ntilde;adido sal a esta receta\".</li> <li><strong>Manipulaci&oacute;n de manos y objetos:&nbsp;</strong>La IA te orientar&aacute; como hacer alg&uacute;n movimiento o manipular objetos. &iquest;Quieres aprender a tocar la bater&iacute;a? La IA te ense&ntilde;ar&aacute; por donde empezar y como hacerlo.</li> <li><strong>Diarizaci&oacute;n audiovisual: </strong>Imag&iacute;nate recordar lo que dijo tu profesor en clase, a veces es dif&iacute;cil &iquest;verdad? Bueno, no quiero decirte lo obvio pero la IA tambi&eacute;n te lo recordar&aacute;. Genial, &iquest;no?</li> <li><strong>Interacci&oacute;n social:&nbsp;</strong>Te has encontrado en alg&uacute;n sitio en donde es bastante dif&iacute;cil saber qui&eacute;n habla con qui&eacute;n...Digamos, &iquest;en una discoteca o bar? Odio repetirlo pero a fin de cuentas la IA te dir&aacute; exactamente con qui&eacute;n est&aacute; interactuando esa persona.</li> </ul> <p>El proyecto aunque es a largo plazo con increible utilidad para la vida que conocemos, los investigadores se cuestionan sobre la exposici&oacute;n de nuestra privacidad. Literalmente, les estaremos mostrando absolutamente todo lo que hacemos.</p> <p>Tecnolog&iacute;a a cambio de privacidad, &iquest;Qu&eacute; opinan?</p> <p><a href=\"https://ai.facebook.com/blog/teaching-ai-to-perceive-the-world-through-your-eyes\">M&aacute;s informaci&oacute;n</a></p>', 'https://digitalbell.com.co/Assets/images/uploads/img_67cfcbf6323f2b77f1776daa89d17e43.jpg', '2021-10-14 17:57:48', 'ego4d-el-nuevo-proyecto-del-departamento-de-inteligencia-artificial-de-facebook', 1);
INSERT INTO `post` (`idpost`, `person_id`, `topics_id`, `title`, `description`, `image`, `datecreated`, `route`, `status`) VALUES
(40, 4, 6, 'Lo nuevo de samsung de gama media y de entrada, el M52 5G y M22', '<p>Samsung anuncia los nuevos lanzamientos del <strong>Galaxy M52 5G</strong>, un tel&eacute;fono potente y elegante junto con el <strong>Galaxy M22</strong> con su increible c&aacute;mara cu&aacute;druple para ofrecer mejores opciones a los usuarios de la gama Galaxy M.</p> <h2><strong>Galaxy M52 5G</strong></h2> <p>El <strong>Galaxy M52 5G&nbsp;</strong>cuenta con un potente procesador Snapdragon 778G de 8 n&uacute;cleos con una velocidad m&aacute;xima de 2.4GHz para un rendimiento increible junto con una memoria RAM de 6GB para ejecutar m&uacute;ltiples tareas sin problemas aun rendimiento &oacute;ptimo.</p> <p>El equipo monitorea de forma inteligente el consumo de memoria para en caso de que lo necesites, te ofrecer&aacute; 4 GB de RAM virtual extra para que tus aplicaciones funcionen sin alguna interrupci&oacute;n. Adem&aacute;s, su almacenamiento interno tiene como base 128 GB y expandible hasta 1TB con microSD.</p> <p>El dise&ntilde;o c&oacute;modo te permite un mejor agarre y su curvatura te garantiza una navegaci&oacute;n mucho m&aacute;s fluida con acabado en l&iacute;neas suaves para aportar un aspecto elegante desde cualquier &aacute;ngulo de vista.</p> <p>La pantalla de 6.7\" con tecnolog&iacute;a <strong>super AMOLED+&nbsp;</strong>te garantiza la mejor experiencia y calidad de visualizaci&oacute;n con un aspecto n&iacute;tido y claro con una tasa de refresco de hasta 120Hz para una vista fluida.</p> <p>Su increible bater&iacute;a de 5000mAh te ofrece la mayor cantidad de horas para disfrutar al m&aacute;ximo tus series y videojuegos con una carga super r&aacute;pida de 25 W.</p> <p>La c&aacute;mara no se queda atr&aacute;s, con un sensor principal de 64 MP logrando fotograf&iacute;as n&iacute;tidas y claras. Adem&aacute;s, su sensor ultra gran angular de hasta 123&deg; te ofrece espectaculares panor&aacute;micas y su sensor macro de 2MP para resaltar los objetos de tus fotograf&iacute;as a corta distancia.</p> <h2><strong>Galaxy M22</strong></h2> <p>El dise&ntilde;o similar al <strong>Galaxy M52 5G&nbsp;</strong>te da la mejor comodidad en su agarre y navegaci&oacute;n fluida a lo largo de la pantalla junto con su acabado en l&iacute;nea para darte un aspecto elegante.</p> <p>La c&aacute;mara cuadruple con su sensor principal de 48MP te garantiza fotos a gran calidad y sus sensores te ofrecen m&aacute;s opciones para tus fotograf&iacute;as con el sensor ultra gran angular de 8MP, sensor macro de 2MP y de profundidad de 2MP</p> <p>El rendimiento &oacute;ptimo y fluido que te ofrece el <strong>Galaxy M22&nbsp;</strong>se da gracias a su procesador de 8 n&uacute;cleos Mediatek con una velocidad m&aacute;xima de 2Ghz y su memoria RAM de 4GB y almacenamiento interno de 128GB ampliable hasta de 1TB.</p> <p>Los nuevos equipos de la gama Galaxy M, <strong>M52 5G</strong> y <strong>M22</strong> estar&aacute; disponible desde el 2 de noviembre con un <strong>precio</strong> de <strong>520 USD</strong> y <strong>300 USD</strong> respectivamente. Pero si lo deseas a un precio menor, puedes precomprarlo por medio de <a href=\"https://www.amazon.com\"><strong>amazon</strong></a> desde el 18 de octubre hasta el 1 de noviembre con un precio de <strong>427 USD</strong> y <strong>242 USD</strong> respectivamente.</p> <p><strong><a href=\"https://news.samsung.com/es/samsung-anuncia-galaxy-m52-5g-y-galaxy-m22\" target=\"_blank\" rel=\"noopener\">M&aacute;s informaci&oacute;n</a></strong></p> <p>&nbsp;</p> <p>&nbsp;</p> <p>&nbsp;</p>', 'https://digitalbell.com.co/Assets/images/uploads/img_5d14529d44a5e94cc888f5fb2eca867c.jpg', '2021-10-15 15:29:27', 'lo-nuevo-de-samsung-de-gama-media-y-de-entrada-el-m52-5g-y-m22', 1);

-- --------------------------------------------------------

--
-- Estructura de tabla para la tabla `rol`
--

CREATE TABLE `rol` (
  `idrol` bigint(20) NOT NULL,
  `rolname` varchar(50) COLLATE utf8_swedish_ci NOT NULL,
  `description` text COLLATE utf8_swedish_ci NOT NULL,
  `status` int(11) NOT NULL DEFAULT 1
) ENGINE=InnoDB DEFAULT CHARSET=utf8 COLLATE=utf8_swedish_ci;

--
-- Volcado de datos para la tabla `rol`
--

INSERT INTO `rol` (`idrol`, `rolname`, `description`, `status`) VALUES
(1, 'Administrador', 'administrador', 1),
(2, 'Publicador', 'Publicador', 1),
(3, 'Usuario', 'Usuario', 1);

-- --------------------------------------------------------

--
-- Estructura de tabla para la tabla `suscriptions`
--

CREATE TABLE `suscriptions` (
  `idsuscription` bigint(20) NOT NULL,
  `name` varchar(200) COLLATE utf8_swedish_ci NOT NULL,
  `email` varchar(200) COLLATE utf8_swedish_ci NOT NULL,
  `datecreated` datetime NOT NULL DEFAULT current_timestamp()
) ENGINE=InnoDB DEFAULT CHARSET=utf8 COLLATE=utf8_swedish_ci;

--
-- Volcado de datos para la tabla `suscriptions`
--

INSERT INTO `suscriptions` (`idsuscription`, `name`, `email`, `datecreated`) VALUES
(1, 'Mónica', 'monis.ps07@gmail.com', '2021-09-14 16:37:18'),
(2, 'Yury', 'yucent22@gmail.com', '2021-09-14 16:52:19'),
(3, 'John Doe', 'example@gmail.com', '2021-09-14 21:08:37');

-- --------------------------------------------------------

--
-- Estructura de tabla para la tabla `topics`
--

CREATE TABLE `topics` (
  `idtopic` bigint(20) NOT NULL,
  `name` varchar(255) COLLATE utf8_swedish_ci NOT NULL,
  `description` text COLLATE utf8_swedish_ci NOT NULL,
  `image` varchar(100) COLLATE utf8_swedish_ci NOT NULL,
  `datecreated` datetime NOT NULL DEFAULT current_timestamp(),
  `route` varchar(255) COLLATE utf8_swedish_ci NOT NULL,
  `status` int(11) NOT NULL DEFAULT 1
) ENGINE=InnoDB DEFAULT CHARSET=utf8 COLLATE=utf8_swedish_ci;

--
-- Volcado de datos para la tabla `topics`
--

INSERT INTO `topics` (`idtopic`, `name`, `description`, `image`, `datecreated`, `route`, `status`) VALUES
(1, 'Tablets', 'tablets', 'img_82d97f477619c46911ac5ca612a53cb7.jpg', '2021-08-19 18:52:00', 'tablets', 2),
(2, 'Celulares', 'celulares', 'https://cdn.shopify.com/s/files/1/0435/3081/3597/articles/los-mejores-celulares-2020.jpg?v=159785158', '2021-08-19 18:52:55', 'celulares', 1),
(3, 'Computadores', 'Computadores', 'img_8e76414fc3bc6c4fc1ad0a668e3da3d3.jpg', '2021-08-19 18:55:14', 'computadores', 2),
(4, 'Videojuegos', 'Videojuegos', 'img_ebeffa514cab10f58f68ec529c7e387f.jpg', '2021-08-28 13:08:26', 'videojuegos', 2),
(5, 'Estética', 'Estética', 'https://i.pinimg.com/originals/58/95/1d/58951dd6738450f005f69f8335b408d7.jpg', '2021-09-05 23:20:20', 'estetica', 1),
(6, 'Tecnología', 'tecnología', 'https://www.muycomputerpro.com/wp-content/uploads/2018/09/trace-3157431_1280-1000x600.jpg', '2021-10-14 17:07:03', 'tecnologia', 1);

--
-- Índices para tablas volcadas
--

--
-- Indices de la tabla `comment`
--
ALTER TABLE `comment`
  ADD PRIMARY KEY (`idcomment`),
  ADD KEY `person_id` (`person_id`),
  ADD KEY `post_id` (`post_id`);

--
-- Indices de la tabla `contact`
--
ALTER TABLE `contact`
  ADD PRIMARY KEY (`idcontact`);

--
-- Indices de la tabla `module`
--
ALTER TABLE `module`
  ADD PRIMARY KEY (`idmodule`);

--
-- Indices de la tabla `permits`
--
ALTER TABLE `permits`
  ADD PRIMARY KEY (`idpermit`),
  ADD KEY `rolid` (`rolid`),
  ADD KEY `moduleid` (`moduleid`);

--
-- Indices de la tabla `persona`
--
ALTER TABLE `persona`
  ADD PRIMARY KEY (`id_person`),
  ADD KEY `rolid` (`rolid`);

--
-- Indices de la tabla `post`
--
ALTER TABLE `post`
  ADD PRIMARY KEY (`idpost`),
  ADD KEY `person_id` (`person_id`),
  ADD KEY `topics_id` (`topics_id`);

--
-- Indices de la tabla `rol`
--
ALTER TABLE `rol`
  ADD PRIMARY KEY (`idrol`);

--
-- Indices de la tabla `suscriptions`
--
ALTER TABLE `suscriptions`
  ADD PRIMARY KEY (`idsuscription`);

--
-- Indices de la tabla `topics`
--
ALTER TABLE `topics`
  ADD PRIMARY KEY (`idtopic`);

--
-- AUTO_INCREMENT de las tablas volcadas
--

--
-- AUTO_INCREMENT de la tabla `comment`
--
ALTER TABLE `comment`
  MODIFY `idcomment` bigint(20) NOT NULL AUTO_INCREMENT;

--
-- AUTO_INCREMENT de la tabla `contact`
--
ALTER TABLE `contact`
  MODIFY `idcontact` bigint(20) NOT NULL AUTO_INCREMENT, AUTO_INCREMENT=2;

--
-- AUTO_INCREMENT de la tabla `module`
--
ALTER TABLE `module`
  MODIFY `idmodule` bigint(20) NOT NULL AUTO_INCREMENT, AUTO_INCREMENT=9;

--
-- AUTO_INCREMENT de la tabla `permits`
--
ALTER TABLE `permits`
  MODIFY `idpermit` bigint(20) NOT NULL AUTO_INCREMENT, AUTO_INCREMENT=237;

--
-- AUTO_INCREMENT de la tabla `persona`
--
ALTER TABLE `persona`
  MODIFY `id_person` bigint(20) NOT NULL AUTO_INCREMENT, AUTO_INCREMENT=7;

--
-- AUTO_INCREMENT de la tabla `post`
--
ALTER TABLE `post`
  MODIFY `idpost` bigint(20) NOT NULL AUTO_INCREMENT, AUTO_INCREMENT=41;

--
-- AUTO_INCREMENT de la tabla `rol`
--
ALTER TABLE `rol`
  MODIFY `idrol` bigint(20) NOT NULL AUTO_INCREMENT, AUTO_INCREMENT=4;

--
-- AUTO_INCREMENT de la tabla `suscriptions`
--
ALTER TABLE `suscriptions`
  MODIFY `idsuscription` bigint(20) NOT NULL AUTO_INCREMENT, AUTO_INCREMENT=4;

--
-- AUTO_INCREMENT de la tabla `topics`
--
ALTER TABLE `topics`
  MODIFY `idtopic` bigint(20) NOT NULL AUTO_INCREMENT, AUTO_INCREMENT=7;

--
-- Restricciones para tablas volcadas
--

--
-- Filtros para la tabla `comment`
--
ALTER TABLE `comment`
  ADD CONSTRAINT `comment_ibfk_1` FOREIGN KEY (`person_id`) REFERENCES `persona` (`id_person`) ON DELETE CASCADE ON UPDATE CASCADE,
  ADD CONSTRAINT `comment_ibfk_2` FOREIGN KEY (`post_id`) REFERENCES `post` (`idpost`) ON DELETE CASCADE ON UPDATE CASCADE;

--
-- Filtros para la tabla `permits`
--
ALTER TABLE `permits`
  ADD CONSTRAINT `permits_ibfk_1` FOREIGN KEY (`rolid`) REFERENCES `rol` (`idrol`) ON DELETE CASCADE ON UPDATE CASCADE,
  ADD CONSTRAINT `permits_ibfk_2` FOREIGN KEY (`moduleid`) REFERENCES `module` (`idmodule`) ON DELETE CASCADE ON UPDATE CASCADE;

--
-- Filtros para la tabla `persona`
--
ALTER TABLE `persona`
  ADD CONSTRAINT `persona_ibfk_3` FOREIGN KEY (`rolid`) REFERENCES `rol` (`idrol`) ON DELETE CASCADE ON UPDATE CASCADE;

--
-- Filtros para la tabla `post`
--
ALTER TABLE `post`
  ADD CONSTRAINT `post_ibfk_3` FOREIGN KEY (`topics_id`) REFERENCES `topics` (`idtopic`) ON DELETE CASCADE ON UPDATE CASCADE,
  ADD CONSTRAINT `post_ibfk_4` FOREIGN KEY (`person_id`) REFERENCES `persona` (`id_person`) ON DELETE CASCADE ON UPDATE CASCADE;
COMMIT;

/*!40101 SET CHARACTER_SET_CLIENT=@OLD_CHARACTER_SET_CLIENT */;
/*!40101 SET CHARACTER_SET_RESULTS=@OLD_CHARACTER_SET_RESULTS */;
/*!40101 SET COLLATION_CONNECTION=@OLD_COLLATION_CONNECTION */;
